sp|O14733|MP2K7_HUMAN	VFG019987(gb|WP_004351957)	30.159	252	152	10	125	368	13	248	1.63e-18	88.2	419	1032	EMGSGTCGQVWKMRFRKTGHVIAVKQMRRS--GNKEENKRILMDLDVVLK-SHDCPYIVQCFGTFITNTDVFIAMELM--GTCAEKLKKRMQGPIPERILGKMTVAIVKALYYLKEKHGVIHRDVKPSNILLDERGQIKLCDFGISGRLVDSKAKTR---SAGCAAYMAPERIDPPDPTKPDYDIRADVWSLGISLVELATGQFPYKNCKTDFEVLTKVLQEEPPLLPGHMGFSGDFQSFVKDCLTKDHRKR	ELGEGAMATVYLATQRSLQRKVALKVMAAALAADPSFAERFLREGRTLARLSHPNTVTIHDIGN--VGSCYYMAMEYLPNGTLKERIQ---QGLDPE--LGLVYVRQVAAALGYAHSQGLVHRDVKPANILFRADGTAVLSDFGIAKSIEDNTQFTQVGFAVGTPSYMSPEQA-----RGQEIDGRADLYALGVVLYEILTGKLPY-NGKDSLSTALAHLTEPLPELPIEQ---GRYQDILRQLLAKDPAER	VFG019987(gb|WP_004351957) (ppkA) serine/threonine protein kinase PpkA [HSI-1 (VF0334) - Effector delivery system (VFC0086)] [Pseudomonas aeruginosa LESB58]
sp|O14733|MP2K7_HUMAN	VFG015390(gb|WP_011064246)	30.830	253	151	11	124	368	12	248	2.06e-18	87.8	419	1027	GEMGSGTCGQVWKMRFRKTGHVIAVKQMRRSGNKEEN--KRILMDLDVVLK-SHDCPYIVQCFGTFITNTDVFIAMELM--GTCAEKLKKRMQGPIPERILGKMTVAIVKALYYLKEKHGVIHRDVKPSNILLDERGQIKLCDFGISGRLVDSKAKTRSA---GCAAYMAPERIDPPDPTKPDYDIRADVWSLGISLVELATGQFPYKNCKTDFEVLTKVLQEEPPLLPGHMGFSGDFQSFVKDCLTKDHRKR	GEIGEGAMASVYLATQRSLERKVALKVMAAALAADPSFCERFLREGKTLARLSH--PHTVTIHDIGNVGELYYMAMEYLPNGTLKERIAA---GLTPEQGLTYIR-QIASALGY-AHAQGLVHRDVKPANILFRADGTAVLSDFGIAKSLDDRTQFTQAGFAVGTPSYMSPEQA-----RGQDIDGRADLYALGVVLYEILVGELPYNGTDALSTALAH-LTEPLPELPLH---HGRYQHILRKLLAKDPAER	VFG015390(gb|WP_011064246) (ppkA) serine/threonine protein kinase PpkA [HSI-1 (VF0334) - Effector delivery system (VFC0086)] [Pseudomonas fluorescens Pf-5]
sp|O14733|MP2K7_HUMAN	VFG015386(gb|WP_011979125)	30.159	252	152	10	125	368	13	248	3.01e-18	87.4	419	1032	EMGSGTCGQVWKMRFRKTGHVIAVKQMRRS--GNKEENKRILMDLDVVLK-SHDCPYIVQCFGTFITNTDVFIAMELM--GTCAEKLKKRMQGPIPERILGKMTVAIVKALYYLKEKHGVIHRDVKPSNILLDERGQIKLCDFGISGRLVDSKAKTR---SAGCAAYMAPERIDPPDPTKPDYDIRADVWSLGISLVELATGQFPYKNCKTDFEVLTKVLQEEPPLLPGHMGFSGDFQSFVKDCLTKDHRKR	ELGEGAMATVYLATQRSLQRKVALKVMAAALAADPSFAERFLREGRTLARLSHPNTVTIHDIGN--VGSCYYMAMEYLPNGTLKERIQ---QGLDPE--LGLAYVRQVAAALGYAHSQGLVHRDVKPANILFRADGTAVLSDFGIAKSIEDNTQFTQVGFAVGTPSYMSPEQA-----RGQEIDGRADLYALGVVLYEILTGKLPY-NGKDSLSTALAHLTEPLPELPIEQ---GRYQDILRQLLAKDPAER	VFG015386(gb|WP_011979125) (ppkA) serine/threonine protein kinase PpkA [HSI-1 (VF0334) - Effector delivery system (VFC0086)] [Pseudomonas aeruginosa PA7]
sp|O14733|MP2K7_HUMAN	VFG002060(gb|NP_248764)	29.762	252	153	10	125	368	13	248	6.58e-18	86.3	419	1032	EMGSGTCGQVWKMRFRKTGHVIAVKQMRRS--GNKEENKRILMDLDVVLK-SHDCPYIVQCFGTFITNTDVFIAMELM--GTCAEKLKKRMQGPIPERILGKMTVAIVKALYYLKEKHGVIHRDVKPSNILLDERGQIKLCDFGISGRLVDSKAKTR---SAGCAAYMAPERIDPPDPTKPDYDIRADVWSLGISLVELATGQFPYKNCKTDFEVLTKVLQEEPPLLPGHMGFSGDFQSFVKDCLTKDHRKR	ELGEGAMATVYLATQRSLQRKVALKVMAAALAADPSFAERFLREGRTLARLSHPNTVTIHDIGN--VGSCYYMAMEYLPNGTLKERIQ---QGLDPEQ--GLAYVRQVAAALGYAHSQGLVHRDVKPANILFRADGTAVLSDFGIAKSIEDNTQFTQVGFAVGTPSYMSPEQA-----RGQEIDGRADLYALGVVLYEILTGKLPY-NGKDSLSTALAHLTEPLPELPIEQ---GRYQDILRQLLAKDPAER	VFG002060(gb|NP_248764) (ppkA) serine/threonine protein kinase PpkA [HSI-1 (VF0334) - Effector delivery system (VFC0086)] [Pseudomonas aeruginosa PAO1]
sp|O14733|MP2K7_HUMAN	VFG015387(gb|WP_003136961)	29.762	252	153	10	125	368	13	248	7.33e-18	86.3	419	1032	EMGSGTCGQVWKMRFRKTGHVIAVKQMRRS--GNKEENKRILMDLDVVLK-SHDCPYIVQCFGTFITNTDVFIAMELM--GTCAEKLKKRMQGPIPERILGKMTVAIVKALYYLKEKHGVIHRDVKPSNILLDERGQIKLCDFGISGRLVDSKAKTR---SAGCAAYMAPERIDPPDPTKPDYDIRADVWSLGISLVELATGQFPYKNCKTDFEVLTKVLQEEPPLLPGHMGFSGDFQSFVKDCLTKDHRKR	ELGEGAMATVYLATQRSLQRKVALKVMAAALAADPSFAERFLREGRTLARLSHPNTVTIHDIGN--VGSCYYMAMEYLPNGTLKERIQ---QGLDPEQ--GLAYVRQVAAALGYAHSQGLVHRDVKPANILFRADGTAVLSDFGIAKSIEDNTQFTQVGFAVGTPSYMSPEQA-----RGQEIDGRADLYALGVVLYEILTGKLPY-NGKDSLSTALAHLTEPLPELPIEQ---GRYQDILRQLLAKDPAER	VFG015387(gb|WP_003136961) (ppkA) serine/threonine protein kinase PpkA [HSI-1 (VF0334) - Effector delivery system (VFC0086)] [Pseudomonas aeruginosa UCBPP-PA14]
sp|O14733|MP2K7_HUMAN	VFG019988(gb|WP_015886548)	30.153	262	158	12	124	376	12	257	1.72e-17	85.1	419	991	GEMGSGTCGQVWKMRFRKTGHVIAVKQMRRSGNKEEN--KRILMDLDVVLK-SHDCPYIVQCFGTFITNTDVFIAMELM--GTCAEKLKKRMQGPIPERILGKMTVAIVKALYYLKEKHGVIHRDVKPSNILLDERGQIKLCDFGISGRLVDSKAKTRSA---GCAAYMAPERIDPPDPTKPDYDIRADVWSLGISLVELATGQFPYKNCKTDFEVLTKVLQEEPPLLPGHMGFSGDFQSFVKDCLTKDHRKR-PKYNKLLE	GEIGEGAMASVYLATQRSLERKVALKVMAAALAADPSFCERFLREGKTLARLSH--PHTVTIHDIGNVGELYYMAMEYLPNGTLKERIAA---GLTPEQGV-TLIRQIASALGY-AHAQGLVHRDVKPANILFRADGTAVLSDFGIAKSLDDRTQFTQAGFAVGTPSYMSPEQA-----RGQEIDGRADLYALGVVLYEILVGKLPYSGTDALSTALAH-LTEPLPELPVH---HGRYQEVLRKLLAKDPAERFPDAAALLQ	VFG019988(gb|WP_015886548) (ppkA) serine/threonine protein kinase PpkA [HSI-1 (VF0334) - Effector delivery system (VFC0086)] [Pseudomonas fluorescens SBW25]
sp|O14733|MP2K7_HUMAN	VFG008410(gb|YP_005360790)	28.992	238	136	11	124	341	23	247	1.66e-15	77.8	419	399	GEMGSGTCGQVWKMRFRKTGHVIAVKQM--RRSGNKEENKRILMDLDVVLKSHDCPYIVQCFGTFITNTDVFIAMELM--GTCAEKLKKRMQGPIPERILGKMTVAIVK-ALYYLKEKH--GVIHRDVKPSNILLDERGQIKLCDFGISGRLVDSKAKTRSA---GCAAYMAPERIDPPDPTKPDYDIRADVWSLGISLVELATGQFP----------YKNCKTDFEVLTKVLQEEPP	AKIASGGTSTVYRGLDVRLDRPVALKVMDSRYAGDEQFLTRFRLEARAVARLNNRA-LVAVYDQGKDGRHPFLVMELIEGGTLRELLIER--GPMPPHAV----VAVLRPVLGGLAAAHRAGLVHRDVKPENILISDDGDVKLADFGLV-RAVAAASITSTGVILGTAAYLSPEQV-----RDGNADPRSDVYSVGVLVYELLTGHTPFTGDSALSIAYQRLDADVPRASAVIDGVPP	VFG008410(gb|YP_005360790) (pknG) serine/threonine protein kinase [Protein kinase G (VF0805) - Immune modulation (VFC0258)] [Mycobacterium tuberculosis RGTB327]
sp|O14733|MP2K7_HUMAN	VFG015391(gb|WP_012018656)	27.969	261	164	9	116	368	4	248	1.98e-15	78.6	419	1018	EINDLENLGEMGSGTCGQVWKMRFRKTGHVIAVKQMRRSGNKEEN--KRILMDLDVVLK-SHDCPYIVQCFGTFITNTDVFIAMELM--GTCAEKLKKRMQGPIPERILGKMTVAIVKALYYLKEKHGVIHRDVKPSNILLDERGQIKLCDFGISGRLVDSKAKTRSA---GCAAYMAPERIDPPDPTKPDYDIRADVWSLGISLVELATGQFPYKNCKTDFEVLTKVLQEEPPLLPGHMGFSGDFQSFVKDCLTKDHRKR	EIPGYEIERELGDGAMAVVYLATQRSLERKVALKVMAAALAADPSFCERFLREGKTLARLSHPNTVTIHDIGN--VGSHYYMAMEYLPNGTLKERIAAGLSAEQGIQYLRQ----IASALGY-AHAQGLVHRDVKPANILFRADGTAVLSDFGIAKSLEDRTQFTQAGFAVGTPSYMSPEQA-----RGQQVDGRTDLYALGVVLYEILTGQLPYVGADSLSTALAHLTQPLPELPIAQ----GRYQPILSRLLAKDPADR	VFG015391(gb|WP_012018656) (ppkA) serine/threonine protein kinase PpkA [HSI-1 (VF0334) - Effector delivery system (VFC0086)] [Pseudomonas mendocina ymp]
sp|O14733|MP2K7_HUMAN	VFG041029(gb|NP_250362)	28.507	221	132	11	126	328	57	269	3.87e-12	67.0	419	329	MGSGTCGQVWKMR------FRKTGHVIAVKQMRRSGNKEENKRILMDLDVVL-KSHDCPYIVQCFGTFITNTD---VFIAMELM-GTCAEKLKKRMQGPIPERILGKMTVAIVKALYYLKEKHGVIHRDVKPSNILLDERGQIKLCDFGI----SGRLVDSKAKTRS---AGCAAYMAPERIDPPDPTKPDYDIRADVWSLGISLVELATGQFPYKNCKTD	LGAGGMGTVYRARDLLHEQFGDPAPLVALKLLNESVAESPDASALLYSEFALTRRLRHPNVVRLF-TFDVDTACQRAYIVMELMPGLPLDRLLCERPEGLPWSELSAIARPLLDVLAYVHEQ-GVLHGDLKPSNVMLGEEG-VRLFDFGLGQAQAGILDGLPQLSRGRIDAWTPGYAAPELLE-GAPLSPA----ADLYALACVLYELADGRHPFRRLPSN	VFG041029(gb|NP_250362) (stk1) serine-threonine kinase Stk1 [HSI-2 (VF0943) - Effector delivery system (VFC0086)] [Pseudomonas aeruginosa PAO1]
sp|O14733|MP2K7_HUMAN	VFG015592(gb|WP_009873285)	31.690	142	75	5	236	368	130	258	4.51e-12	67.4	419	490	KHGVIHRDVKPSNILLDERGQIKLCDFGISGRLVDSKAKTRSAGCAAYMAPE--RIDPPDPTKPDYDIRADVWSLGISLVELATGQFPYKNCKTDF------EVLTKVLQEEPPLLPGHMG-FSGDFQSFVKDCLTKDHRKR	RHGVLHLDIKPENIVLSQSGEIKLIDYGLSA------WQFNHWGSPAYMSPEQSRQEPPSPA-------SDVYSLALLAYELIMGQLALGKVYVSLLPSKISKILIQALQPSPAARFSSMQEFAEALQDYLLHDVHEDYRKK	VFG015592(gb|WP_009873285) (pkn5) serine/threonine protein kinase [TTSS (VF0344) - Effector delivery system (VFC0086)] [Chlamydia trachomatis 434/Bu]
