query	hit	cobertura_query (%)	cobertura_hit (%)	identidad (%)	evalue	bitscore	especie_hit
lcl|NC_002745.2_prot_SA_RS01675_300	VFG049781(gb|WP_001557576)	92.17	100.0	100.0	1.77e-112	315.0	Staphylococcus aureus subsp. aureus Mu50
lcl|NC_002745.2_prot_SA_RS03275_599	VFG012606(gb|WP_001363063)	97.68	82.57	26.07	4.48e-19	84.7	Escherichia coli 536
lcl|NC_002745.2_prot_SA_RS10405_1951	VFG001798(gb|WP_000239607)	100.0	83.03	99.635	0.0	569.0	Staphylococcus aureus subsp. aureus COL
lcl|NC_002745.2_prot_SA_RS10580_1986	VFG006840(gb|WP_010990170)	74.0	74.48	37.072	9.14e-67	219.0	Listeria innocua Clip11262
lcl|NC_002745.2_prot_SA_RS13095_2467	VFG044276(gb|WP_000170403)	78.0	78.59	21.846	6.22e-07	51.2	Staphylococcus aureus subsp. aureus str. Newman
lcl|NC_002745.2_prot_SA_RS15135_1526	VFG004983(gb|WP_001235656)	68.53	70.92	35.0	2.72e-19	84.0	Staphylococcus aureus subsp. aureus MRSA252
lcl|NC_002745.2_prot_SA_RS15170_1760	VFG004968(gb|NP_374934)	51.75	100.0	100.0	4.97e-95	275.0	Staphylococcus aureus subsp. aureus N315
lcl|NC_002745.2_prot_SA_RS15265_1357	VFG017120(gb|WP_001109369)	100.0	100.0	99.944	0.0	21165.0	Staphylococcus aureus subsp. aureus JH9
lcl|NC_002745.2_prot_SA_RS15445_2666	VFG045297(gb|WP_011213307)	54.55	99.21	38.492	5.88e-60	196.0	Legionella pneumophila subsp. pneumophila str. Philadelphia 1
lcl|NC_002745.2_prot_WP_000002973.1_2257	VFG019533(gb|WP_000238754)	96.57	98.99	61.421	1.04e-91	266.0	Helicobacter pylori P12
lcl|NC_002745.2_prot_WP_000008673.1_2254	VFG006476(gb|WP_011115250)	99.65	99.82	60.07	0.0	707.0	Helicobacter hepaticus ATCC 51449
lcl|NC_002745.2_prot_WP_000024139.1_2533	VFG031407(gb|WP_015289456)	75.69	78.31	51.797	0.0	634.0	Mycobacterium canettii CIPT 140070010
lcl|NC_002745.2_prot_WP_000030072.1_2589	VFG044201(gb|WP_011267793)	91.69	91.05	31.628	3.44e-64	213.0	Pseudomonas syringae pv. syringae B728a
lcl|NC_002745.2_prot_WP_000030811.1_983	VFG047569(gb|WP_014549390)	95.32	96.25	46.018	1.71e-95	287.0	Francisella cf. novicida Fx1
lcl|NC_002745.2_prot_WP_000034497.1_2412	VFG011202(gb|WP_003807092)	77.74	71.94	22.368	1.91e-09	57.4	Bordetella parapertussis 12822
lcl|NC_002745.2_prot_WP_000034716.1_1506	VFG043573(gb|NP_219906)	92.95	89.39	61.421	0.0	714.0	Chlamydia trachomatis D/UW-3/CX
lcl|NC_002745.2_prot_WP_000034846.1_1893	VFG004976(gb|WP_025174055)	98.85	100.0	99.611	0.0	529.0	Staphylococcus aureus subsp. aureus N315
lcl|NC_002745.2_prot_WP_000035058.1_864	VFG019080(gb|WP_000731918)	98.48	74.91	50.49	3.55e-64	199.0	Streptococcus pneumoniae CGSP14
lcl|NC_002745.2_prot_WP_000036633.1_1182	VFG039489(gb|WP_011996623)	89.68	88.89	34.532	3.83e-25	94.0	Coxiella burnetii Dugway 5J108-111
lcl|NC_002745.2_prot_WP_000037075.1_1819	VFG011133(gb|WP_010927719)	62.22	87.5	24.907	9.76e-13	68.2	Bordetella parapertussis 12822
lcl|NC_002745.2_prot_WP_000037322.1_146	VFG004461(gb|WP_000037322)	100.0	100.0	100.0	4.31e-168	462.0	Staphylococcus aureus subsp. aureus N315
lcl|NC_002745.2_prot_WP_000038968.1_2382	VFG044351(gb|WP_033111749)	83.09	82.78	28.5	5.52e-50	177.0	Dickeya dadantii 3937
lcl|NC_002745.2_prot_WP_000041897.1_1079	VFG004899(gb|WP_000669005)	92.44	93.36	29.832	4.37e-10	57.8	Staphylococcus aureus subsp. aureus USA300_FPR3757
lcl|NC_002745.2_prot_WP_000044547.1_2648	VFG043589(gb|WP_000044536)	100.0	100.0	98.855	0.0	3988.0	Staphylococcus aureus subsp. aureus COL
lcl|NC_002745.2_prot_WP_000046022.1_1983	VFG004794(gb|WP_002494082)	96.15	100.0	92.0	7.99e-10	46.6	Staphylococcus epidermidis RP62A
lcl|NC_002745.2_prot_WP_000047255.1_2128	VFG016237(gb|WP_010899012)	88.99	93.49	37.624	2.76e-38	132.0	Bacillus halodurans C-125
lcl|NC_002745.2_prot_WP_000049921.1_1378	VFG047448(gb|WP_014548275)	99.38	96.88	28.44	1.51e-30	117.0	Francisella cf. tularensis subsp. novicida 3523
lcl|NC_002745.2_prot_WP_000052315.1_1301	VFG013715(gb|WP_010934432)	89.11	80.14	26.829	5.69e-21	89.4	Corynebacterium diphtheriae NCTC 13129
lcl|NC_002745.2_prot_WP_000052781.1_382	VFG009680(gb|WP_011730169)	89.42	83.59	32.544	1.05e-29	108.0	Mycobacterium smegmatis str. MC2 155
lcl|NC_002745.2_prot_WP_000057594.1_500	VFG044254(gb|WP_000570808)	96.77	92.33	33.987	3.15e-45	156.0	Staphylococcus aureus subsp. aureus str. Newman
lcl|NC_002745.2_prot_WP_000064078.1_1416	VFG031738(gb|YP_001704775)	95.44	99.12	37.826	6.81e-52	168.0	Mycobacterium abscessus ATCC 19977
lcl|NC_002745.2_prot_WP_000066378.1_1669	VFG013469(gb|WP_010944797)	55.1	73.78	30.594	5.1e-23	97.4	Haemophilus ducreyi 35000HP
lcl|NC_002745.2_prot_WP_000067352.1_202	VFG013192(gb|WP_012340414)	51.13	73.93	31.673	5.71e-34	131.0	Haemophilus somnus 2336
lcl|NC_002745.2_prot_WP_000068176.1_1006	VFG016502(gb|WP_011265103)	98.15	97.55	44.828	1.34e-101	301.0	Mycoplasma mobile 163K
lcl|NC_002745.2_prot_WP_000069289.1_1404	VFG004575(gb|WP_000069289)	100.0	100.0	100.0	0.0	979.0	Staphylococcus aureus subsp. aureus N315
lcl|NC_002745.2_prot_WP_000070866.1_2091	VFG019431(gb|WP_000846460)	89.8	92.36	33.577	7.02e-24	90.1	Helicobacter pylori Shi470
lcl|NC_002745.2_prot_WP_000078092.1_138	VFG048489(gb|WP_012968728)	97.28	92.8	35.178	2e-37	132.0	Klebsiella variicola At-22
lcl|NC_002745.2_prot_WP_000079447.1_1308	VFG013728(gb|WP_011273788)	80.92	86.1	30.252	9.84e-31	115.0	Corynebacterium jeikeium K411
lcl|NC_002745.2_prot_WP_000080028.1_1620	VFG031738(gb|YP_001704775)	96.58	98.68	44.69	5.73e-67	206.0	Mycobacterium abscessus ATCC 19977
lcl|NC_002745.2_prot_WP_000081231.1_893	VFG022574(gb|WP_041317673)	98.07	96.47	38.592	5.26e-92	283.0	Mycobacterium sp. JDM601
lcl|NC_002745.2_prot_WP_000082539.1_1255	VFG037041(gb|WP_014581728)	95.05	94.25	68.116	0.0	682.0	Neisseria meningitidis M01-240355
lcl|NC_002745.2_prot_WP_000084769.1_1340	VFG046943(gb|WP_014549388)	84.31	78.66	26.904	2.1e-09	55.5	Francisella cf. novicida Fx1
lcl|NC_002745.2_prot_WP_000084830.1_1516	VFG043289(gb|WP_011860694)	92.02	78.05	27.313	3.66e-06	46.6	Clostridium difficile 630
lcl|NC_002745.2_prot_WP_000088649.1_22	VFG050269(gb|NP_220257)	87.22	87.79	34.483	2.69e-45	153.0	Chlamydia trachomatis D/UW-3/CX
lcl|NC_002745.2_prot_WP_000093349.1_1462	VFG005784(gb|WP_001092618)	70.25	76.03	23.755	1.29e-08	55.8	Streptococcus agalactiae NEM316
lcl|NC_002745.2_prot_WP_000101976.1_18	VFG031738(gb|YP_001704775)	97.42	98.68	47.577	1.38e-71	218.0	Mycobacterium abscessus ATCC 19977
lcl|NC_002745.2_prot_WP_000106141.1_1614	VFG043556(gb|WP_009885879)	96.77	98.22	44.745	1.88e-92	279.0	Mycoplasma genitalium G37
lcl|NC_002745.2_prot_WP_000110007.1_1796	VFG000478(gb|NP_459678)	85.81	86.0	31.008	1.92e-15	68.6	Salmonella enterica subsp. enterica serovar Typhimurium str. LT2
lcl|NC_002745.2_prot_WP_000121119.1_1179	VFG015775(gb|WP_012315895)	99.3	99.78	24.622	9.09e-34	131.0	Pseudomonas putida W619
lcl|NC_002745.2_prot_WP_000122710.1_1435	VFG044431(gb|CAJ45638)	89.38	81.46	21.739	5.93e-09	57.4	Listonella anguillarum RV22
lcl|NC_002745.2_prot_WP_000127573.1_1601	VFG005549(gb|WP_000116477)	97.92	99.3	46.948	8.54e-133	389.0	Streptococcus pneumoniae D39
lcl|NC_002745.2_prot_WP_000129659.1_842	VFG032820(gb|WP_041176241)	99.59	99.41	43.333	2.39e-142	418.0	Listeria seeligeri serovar 1/2b str. SLCC3954
lcl|NC_002745.2_prot_WP_000136162.1_2627	VFG015903(gb|WP_011169509)	96.73	97.86	49.538	7.23e-110	323.0	Pseudomonas syringae pv. phaseolicola 1448A
lcl|NC_002745.2_prot_WP_000136487.1_2531	VFG005951(gb|WP_148148905)	53.27	98.21	39.091	1.84e-19	79.7	Streptococcus thermophilus LMG 18311
lcl|NC_002745.2_prot_WP_000136633.1_108	VFG044251(gb|WP_000136636)	100.0	100.0	99.699	0.0	640.0	Staphylococcus aureus subsp. aureus str. Newman
lcl|NC_002745.2_prot_WP_000138654.1_2677	VFG044173(gb|WP_005477430)	41.23	93.31	25.105	1.01e-23	100.0	Vibrio parahaemolyticus RIMD 2210633
lcl|NC_002745.2_prot_WP_000141109.1_1458	VFG032197(gb|WP_003724853)	97.1	72.51	24.088	1.58e-15	75.1	Listeria monocytogenes J1816
lcl|NC_002745.2_prot_WP_000141557.1_787	VFG004738(gb|WP_000141557)	100.0	100.0	100.0	1.58e-172	473.0	Staphylococcus aureus subsp. aureus Mu50
lcl|NC_002745.2_prot_WP_000141941.1_299	VFG049768(gb|WP_000141941)	100.0	100.0	100.0	2.75e-118	331.0	Staphylococcus aureus subsp. aureus Mu50
lcl|NC_002745.2_prot_WP_000142044.1_294	VFG049740(gb|WP_000142044)	100.0	100.0	100.0	8.48e-117	327.0	Staphylococcus aureus subsp. aureus Mu50
lcl|NC_002745.2_prot_WP_000142138.1_298	VFG049757(gb|WP_000142138)	100.0	100.0	100.0	1.92e-118	331.0	Staphylococcus aureus subsp. aureus N315
lcl|NC_002745.2_prot_WP_000142198.1_230	VFG049152(gb|WP_000337350)	67.0	71.54	29.066	1.31e-20	92.4	Klebsiella pneumoniae subsp. pneumoniae 1084
lcl|NC_002745.2_prot_WP_000148852.1_872	VFG013532(gb|WP_012054417)	93.91	80.51	23.922	4.97e-11	64.7	Haemophilus influenzae PittEE
lcl|NC_002745.2_prot_WP_000149344.1_696	VFG031744(gb|WP_013827421)	98.68	99.56	37.445	5.29e-51	165.0	Mycobacterium sp. JDM601
lcl|NC_002745.2_prot_WP_000153479.1_214	VFG000038(gb|WP_003807115)	98.6	95.71	23.14	4.35e-16	78.6	Bordetella pertussis Tohama I
lcl|NC_002745.2_prot_WP_000153535.1_1820	VFG024200(gb|WP_008262428)	98.56	95.41	37.915	6.3e-44	146.0	Mycobacterium indicus pranii MTCC 9506
lcl|NC_002745.2_prot_WP_000154537.1_229	VFG049150(gb|WP_000982270)	37.32	96.19	31.615	4.33e-28	114.0	Klebsiella pneumoniae subsp. pneumoniae 1084
lcl|NC_002745.2_prot_WP_000155386.1_2184	VFG021794(gb|WP_013240890)	81.47	78.47	28.814	8.95e-31	116.0	Corynebacterium pseudotuberculosis FRC41
lcl|NC_002745.2_prot_WP_000159014.1_293	VFG049730(gb|WP_000159014)	100.0	100.0	100.0	0.0	1267.0	Staphylococcus aureus subsp. aureus N315
lcl|NC_002745.2_prot_WP_000160859.1_1041	VFG001318(gb|WP_000160859)	100.0	100.0	100.0	0.0	706.0	Staphylococcus aureus subsp. aureus str. Newman
lcl|NC_002745.2_prot_WP_000161291.1_1131	VFG021856(gb|WP_029104465)	87.78	85.89	29.856	6.17e-31	118.0	Mycobacterium smegmatis str. MC2 155
lcl|NC_002745.2_prot_WP_000161829.1_2555	VFG038839(gb|WP_011707832)	81.2	75.1	27.273	4.29e-17	77.8	Aeromonas hydrophila subsp. hydrophila ATCC 7966
lcl|NC_002745.2_prot_WP_000162661.1_213	VFG030650(gb|WP_015292798)	91.4	92.7	32.171	1e-36	131.0	Mycobacterium canettii CIPT 140070017
lcl|NC_002745.2_prot_WP_000163737.1_2583	VFG023928(gb|WP_013472895)	95.76	85.03	43.214	6.58e-69	216.0	Mycobacterium gilvum Spyr1
lcl|NC_002745.2_prot_WP_000164332.1_1137	VFG046620(gb|WP_013922870)	98.6	95.5	37.736	1.52e-46	153.0	Francisella sp. TX077308
lcl|NC_002745.2_prot_WP_000164421.1_2086	VFG018244(gb|WP_011079537)	87.82	83.72	45.139	1.37e-38	129.0	Vibrio vulnificus CMCP6
lcl|NC_002745.2_prot_WP_000166801.1_1336	VFG006832(gb|WP_003771747)	99.56	96.48	33.617	6.88e-83	263.0	Listeria innocua Clip11262
lcl|NC_002745.2_prot_WP_000166892.1_212	VFG030570(gb|WP_003896467)	71.56	93.44	29.085	1.48e-23	100.0	Mycobacterium smegmatis str. MC2 155
lcl|NC_002745.2_prot_WP_000167269.1_1146	VFG038840(gb|WP_005300916)	99.18	97.54	52.479	7.24e-85	252.0	Aeromonas hydrophila ML09-119
lcl|NC_002745.2_prot_WP_000167314.1_867	VFG044201(gb|WP_011267793)	94.7	90.39	31.235	2.63e-60	202.0	Pseudomonas syringae pv. syringae B728a
lcl|NC_002745.2_prot_WP_000168845.1_821	VFG044135(gb|WP_002209058)	90.12	83.46	24.79	4.98e-12	64.3	Yersinia pestis CO92
lcl|NC_002745.2_prot_WP_000170400.1_2139	VFG044276(gb|WP_000170403)	100.0	100.0	99.244	0.0	796.0	Staphylococcus aureus subsp. aureus str. Newman
lcl|NC_002745.2_prot_WP_000173833.1_1290	VFG026347(gb|WP_016342433)	80.42	78.12	30.556	1.76e-33	126.0	Mycobacterium abscessus subsp. bolletii 50594
lcl|NC_002745.2_prot_WP_000175722.1_292	VFG049720(gb|WP_000175722)	100.0	100.0	100.0	1.29e-73	213.0	Staphylococcus aureus subsp. aureus USA300_FPR3757
lcl|NC_002745.2_prot_WP_000182654.1_1021	VFG016489(gb|WP_011264744)	50.57	80.5	31.94	2.97e-23	102.0	Mycoplasma mobile 163K
lcl|NC_002745.2_prot_WP_000183771.1_121	VFG005766(gb|WP_000861302)	97.29	98.33	35.06	1.95e-39	137.0	Streptococcus agalactiae NEM316
lcl|NC_002745.2_prot_WP_000184741.1_637	VFG044252(gb|WP_000924997)	94.01	96.07	36.164	3.76e-61	198.0	Staphylococcus aureus subsp. aureus str. Newman
lcl|NC_002745.2_prot_WP_000185863.1_2657	VFG001298(gb|WP_000037328)	99.13	100.0	57.018	5.34e-98	285.0	Staphylococcus aureus subsp. aureus MW2
lcl|NC_002745.2_prot_WP_000193707.1_1436	VFG048851(gb|WP_015958700)	99.36	99.36	66.882	0.0	660.0	Klebsiella pneumoniae subsp. pneumoniae MGH 78578
lcl|NC_002745.2_prot_WP_000193751.1_718	VFG001857(gb|WP_010946483)	89.82	89.84	24.109	5.54e-25	107.0	Legionella pneumophila subsp. pneumophila str. Philadelphia 1
lcl|NC_002745.2_prot_WP_000197018.1_899	VFG006784(gb|WP_003769807)	92.2	91.95	41.245	2.1e-130	392.0	Listeria innocua Clip11262
lcl|NC_002745.2_prot_WP_000197034.1_578	VFG011687(gb|WP_002867272)	83.66	79.06	24.0	4.9e-09	56.6	Campylobacter jejuni RM1221
lcl|NC_002745.2_prot_WP_000202390.1_1242	VFG045728(gb|WP_003635449)	93.0	89.04	30.769	1.46e-26	101.0	Legionella longbeachae NSW150
lcl|NC_002745.2_prot_WP_000208563.1_2411	VFG049162(gb|WP_002430641)	93.57	91.67	27.368	1.38e-52	185.0	Klebsiella pneumoniae subsp. pneumoniae 1084
lcl|NC_002745.2_prot_WP_000209551.1_352	VFG011717(gb|WP_002818959)	72.14	88.64	26.54	9.26e-18	79.7	Campylobacter jejuni RM1221
lcl|NC_002745.2_prot_WP_000210817.1_1360	VFG044286(gb|WP_012367521)	84.39	92.9	23.028	7.89e-06	47.0	Proteus mirabilis HI4320
lcl|NC_002745.2_prot_WP_000211597.1_225	VFG049879(gb|WP_000702262)	94.74	99.14	31.304	3.64e-10	53.1	Staphylococcus aureus subsp. aureus N315
lcl|NC_002745.2_prot_WP_000213885.1_2317	VFG036972(gb|WP_042508130)	75.89	96.26	25.203	2.78e-48	176.0	Neisseria lactamica 020-06
lcl|NC_002745.2_prot_WP_000215388.1_625	VFG019117(gb|WP_001005725)	94.88	98.38	30.612	6.11e-35	125.0	Streptococcus pneumoniae Hungary19A-6
lcl|NC_002745.2_prot_WP_000216874.1_1771	VFG050113(gb|WP_000590108)	89.02	73.54	34.703	1.28e-42	146.0	Bacillus cereus AH187
lcl|NC_002745.2_prot_WP_000216946.1_1322	VFG022656(gb|YP_001702174)	97.15	89.57	42.925	1.68e-115	345.0	Mycobacterium abscessus ATCC 19977
lcl|NC_002745.2_prot_WP_000217456.1_2449	VFG038840(gb|WP_005300916)	90.91	89.75	30.0	2.66e-31	115.0	Aeromonas hydrophila ML09-119
lcl|NC_002745.2_prot_WP_000218103.1_1509	VFG013629(gb|WP_041603540)	98.13	97.69	32.316	5.99e-53	180.0	Haemophilus ducreyi 35000HP
lcl|NC_002745.2_prot_WP_000219066.1_1667	VFG002197(gb|WP_002387027)	99.39	98.51	27.164	8.44e-32	121.0	Enterococcus faecalis V583
lcl|NC_002745.2_prot_WP_000222267.1_2162	VFG004744(gb|WP_000222267)	100.0	100.0	100.0	0.0	1649.0	Staphylococcus aureus subsp. aureus N315
lcl|NC_002745.2_prot_WP_000228666.1_1817	VFG031540(gb|WP_015288274)	92.21	90.18	33.108	8.37e-22	85.9	Mycobacterium canettii CIPT 140060008
lcl|NC_002745.2_prot_WP_000233526.1_1767	VFG013200(gb|WP_012341396)	98.26	97.46	36.207	8.7e-71	224.0	Haemophilus somnus 2336
lcl|NC_002745.2_prot_WP_000235289.1_2293	VFG038841(gb|WP_005318273)	84.3	98.39	32.031	9.07e-25	99.8	Aeromonas salmonicida subsp. salmonicida A449
lcl|NC_002745.2_prot_WP_000236427.1_206	VFG016304(gb|WP_011197813)	80.24	92.65	39.671	1.21e-141	426.0	Bacillus licheniformis ATCC 14580
lcl|NC_002745.2_prot_WP_000239647.1_155	VFG005079(gb|WP_000239647)	100.0	100.0	100.0	0.0	771.0	Staphylococcus aureus subsp. aureus Mu50
lcl|NC_002745.2_prot_WP_000240338.1_287	VFG002408(gb|WP_000240338)	100.0	100.0	100.0	0.0	904.0	Staphylococcus aureus subsp. aureus MW2
lcl|NC_002745.2_prot_WP_000240580.1_2661	VFG001286(gb|WP_000240580)	100.0	100.0	100.0	1.92e-69	202.0	Staphylococcus aureus subsp. aureus MW2
lcl|NC_002745.2_prot_WP_000240642.1_1977	VFG012103(gb|WP_003514589)	97.4	97.23	69.962	0.0	742.0	Clostridium thermocellum ATCC 27405
lcl|NC_002745.2_prot_WP_000249497.1_2327	VFG031776(gb|WP_015304588)	99.11	100.0	40.789	4.41e-54	172.0	Mycobacterium smegmatis JS623
lcl|NC_002745.2_prot_WP_000249839.1_1319	VFG045302(gb|WP_010946491)	75.73	85.15	30.645	2.52e-14	69.3	Legionella pneumophila subsp. pneumophila str. Philadelphia 1
lcl|NC_002745.2_prot_WP_000250823.1_539	VFG026073(gb|WP_009889319)	91.65	82.5	33.424	1.48e-61	204.0	Burkholderia thailandensis E264
lcl|NC_002745.2_prot_WP_000256319.1_1432	VFG045668(gb|WP_002358859)	95.87	95.24	30.368	4.71e-43	151.0	Enterococcus faecalis D32
lcl|NC_002745.2_prot_WP_000258150.1_740	VFG005841(gb|WP_002262748)	98.86	94.82	40.164	3.38e-84	260.0	Streptococcus mutans UA159
lcl|NC_002745.2_prot_WP_000261115.1_1587	VFG006918(gb|WP_043877313)	95.32	83.39	23.554	8.01e-15	72.0	Vibrio vulnificus YJ016
lcl|NC_002745.2_prot_WP_000262640.1_2138	VFG044275(gb|WP_000262640)	100.0	100.0	100.0	0.0	1208.0	Staphylococcus aureus subsp. aureus str. Newman
lcl|NC_002745.2_prot_WP_000264071.1_393	VFG052858(gb|WP_062706016.1)	96.93	98.35	50.833	1.1e-165	476.0	Borrelia hermsii ML2
lcl|NC_002745.2_prot_WP_000278088.1_1957	VFG005007(gb|WP_000278088)	100.0	100.0	100.0	0.0	544.0	Staphylococcus aureus subsp. aureus N315
lcl|NC_002745.2_prot_WP_000278556.1_2353	VFG009650(gb|WP_011730343)	89.72	87.53	31.844	9.69e-48	167.0	Mycobacterium smegmatis str. MC2 155
lcl|NC_002745.2_prot_WP_000279414.1_767	VFG005359(gb|WP_002899102)	100.0	100.0	70.238	8.38e-174	485.0	Streptococcus sanguinis SK36
lcl|NC_002745.2_prot_WP_000280799.1_329	VFG002158(gb|NP_464456)	99.41	99.7	40.533	2.9e-89	270.0	Listeria monocytogenes EGD-e
lcl|NC_002745.2_prot_WP_000284458.1_957	VFG004711(gb|WP_000284458)	100.0	100.0	100.0	1.02e-77	224.0	Staphylococcus aureus subsp. aureus N315
lcl|NC_002745.2_prot_WP_000291420.1_1651	VFG053879(gb|WP_032556354.1)	74.55	78.47	24.232	4.81e-17	81.6	Bacteroides fragilis S36L11
lcl|NC_002745.2_prot_WP_000312768.1_1123	VFG006761(gb|WP_012951788)	99.65	99.82	42.707	1.29e-168	490.0	Listeria monocytogenes 08-5578
lcl|NC_002745.2_prot_WP_000337368.1_276	VFG032519(gb|WP_012986167)	95.45	96.0	27.848	2.18e-38	139.0	Listeria seeligeri serovar 1/2b str. SLCC3954
lcl|NC_002745.2_prot_WP_000344352.1_2258	VFG006497(gb|WP_001099400)	69.78	72.45	29.381	3.81e-25	100.0	Helicobacter pylori J99
lcl|NC_002745.2_prot_WP_000348364.1_1725	VFG030405(gb|WP_015303741)	94.31	92.05	27.673	5.44e-56	194.0	Mycobacterium canettii CIPT 140070008
lcl|NC_002745.2_prot_WP_000350970.1_1288	VFG026700(gb|YP_007957699)	98.29	88.57	31.435	1.64e-58	201.0	Mycobacterium tuberculosis str. Haarlem/NITR202
lcl|NC_002745.2_prot_WP_000351761.1_2517	VFG006042(gb|WP_001222601)	85.96	84.04	23.97	2.45e-13	68.9	Streptococcus agalactiae A909
lcl|NC_002745.2_prot_WP_000353954.1_884	VFG049194(gb|WP_004150973)	98.62	99.3	52.028	0.0	874.0	Klebsiella pneumoniae JM45
lcl|NC_002745.2_prot_WP_000356975.1_1283	VFG016389(gb|WP_000727070)	75.54	81.79	36.759	3.95e-33	124.0	Bacillus cereus ATCC 10987
lcl|NC_002745.2_prot_WP_000368338.1_1510	VFG046467(gb|WP_014548920)	45.3	72.84	30.169	2.6e-19	90.5	Francisella cf. tularensis subsp. novicida 3523
lcl|NC_002745.2_prot_WP_000372758.1_2000	VFG039386(gb|NP_819821)	94.16	99.31	30.201	5.91e-15	67.4	Coxiella burnetii RSA 493
lcl|NC_002745.2_prot_WP_000379821.1_2543	VFG032994(gb|WP_011702113)	96.85	98.84	42.525	1.75e-154	457.0	Listeria welshimeri serovar 6b str. SLCC5334
lcl|NC_002745.2_prot_WP_000389658.1_2185	VFG044173(gb|WP_005477430)	81.78	87.01	31.25	1.2e-33	122.0	Vibrio parahaemolyticus RIMD 2210633
lcl|NC_002745.2_prot_WP_000392691.1_1422	VFG000478(gb|NP_459678)	86.58	84.0	34.109	3.14e-21	83.6	Salmonella enterica subsp. enterica serovar Typhimurium str. LT2
lcl|NC_002745.2_prot_WP_000401377.1_1036	VFG000320(gb|WP_001169234)	93.75	98.09	45.455	1.21e-39	131.0	Helicobacter pylori 26695
lcl|NC_002745.2_prot_WP_000413171.1_151	VFG005033(gb|WP_000413171)	100.0	100.0	100.0	0.0	775.0	Staphylococcus aureus subsp. aureus COL
lcl|NC_002745.2_prot_WP_000424963.1_394	VFG052864(gb|WP_062706012.1)	98.25	99.02	49.312	0.0	522.0	Borrelia hermsii ML2
lcl|NC_002745.2_prot_WP_000426914.1_1147	VFG011430(gb|WP_002963616)	89.61	88.46	72.464	6.91e-28	95.5	Brucella melitensis bv. 1 str. 16M
lcl|NC_002745.2_prot_WP_000432915.1_2525	VFG047395(gb|WP_012280481)	99.4	93.42	34.119	6.07e-136	416.0	Francisella philomiragia subsp. philomiragia ATCC 25017
lcl|NC_002745.2_prot_WP_000433551.1_1011	VFG030704(gb|WP_015292799)	76.65	73.79	43.103	2.28e-71	228.0	Mycobacterium canettii CIPT 140070017
lcl|NC_002745.2_prot_WP_000442480.1_1390	VFG031478(gb|WP_012395377)	87.25	96.32	58.779	3.21e-52	162.0	Mycobacterium marinum M
lcl|NC_002745.2_prot_WP_000446299.1_145	VFG004469(gb|WP_000446299)	100.0	100.0	100.0	6.48e-158	436.0	Staphylococcus aureus subsp. aureus USA300_FPR3757
lcl|NC_002745.2_prot_WP_000447678.1_2050	VFG011402(gb|WP_004688426)	94.52	88.54	42.446	1.54e-33	115.0	Brucella suis 1330
lcl|NC_002745.2_prot_WP_000447733.1_1421	VFG042510(gb|AAO73844)	61.69	91.46	30.27	4.26e-19	83.2	Escherichia coli O20:K27:H- ARG-2
lcl|NC_002745.2_prot_WP_000450257.1_692	VFG038903(gb|WP_005334094)	92.65	94.31	25.0	3.52e-44	160.0	Aeromonas veronii B565
lcl|NC_002745.2_prot_WP_000459062.1_149	VFG001301(gb|WP_000459062)	100.0	100.0	100.0	0.0	708.0	Staphylococcus aureus subsp. aureus MW2
lcl|NC_002745.2_prot_WP_000473596.1_1752	VFG004853(gb|WP_000473596)	100.0	100.0	100.0	0.0	640.0	Staphylococcus aureus subsp. aureus USA300_FPR3757
lcl|NC_002745.2_prot_WP_000473699.1_1177	VFG002190(gb|WP_002362225)	94.92	93.36	55.731	5.29e-100	292.0	Enterococcus faecalis V583
lcl|NC_002745.2_prot_WP_000479576.1_2380	VFG002901(gb|WP_002209736)	89.96	96.05	26.906	3.45e-23	93.6	Yersinia pestis Antiqua
lcl|NC_002745.2_prot_WP_000480603.1_161	VFG044442(gb|WP_000480603)	100.0	100.0	100.0	4.9e-78	224.0	Staphylococcus aureus subsp. aureus str. Newman
lcl|NC_002745.2_prot_WP_000486487.1_2398	VFG016185(gb|WP_011168851)	85.1	84.85	35.317	5.01e-101	317.0	Pseudomonas syringae pv. phaseolicola 1448A
lcl|NC_002745.2_prot_WP_000506531.1_746	VFG009230(gb|WP_041307902)	87.78	86.88	36.096	7.73e-142	438.0	Mycobacterium vanbaalenii PYR-1
lcl|NC_002745.2_prot_WP_000509671.1_290	VFG018179(gb|WP_000509671)	100.0	100.0	100.0	1.21e-72	210.0	Staphylococcus aureus subsp. aureus Mu3
lcl|NC_002745.2_prot_WP_000511135.1_2055	VFG052644(gb|WP_043924416.1)	75.32	80.23	33.609	3.37e-50	176.0	Borrelia hermsii ML2
lcl|NC_002745.2_prot_WP_000513305.1_756	VFG032455(gb|WP_003729212)	93.19	93.86	53.64	7.74e-102	298.0	Listeria monocytogenes SLCC2376
lcl|NC_002745.2_prot_WP_000514408.1_2362	VFG009598(gb|WP_011854954)	99.51	98.53	50.202	0.0	1254.0	Mycobacterium sp. JLS
lcl|NC_002745.2_prot_WP_000517183.1_900	VFG006784(gb|WP_003769807)	93.7	93.02	25.755	5.47e-14	74.7	Listeria innocua Clip11262
lcl|NC_002745.2_prot_WP_000521495.1_2119	VFG013515(gb|WP_011961967)	98.0	98.43	47.778	3.68e-122	363.0	Haemophilus influenzae PittEE
lcl|NC_002745.2_prot_WP_000524830.1_2307	VFG050113(gb|WP_000590108)	96.32	97.25	30.034	7.02e-43	148.0	Bacillus cereus AH187
lcl|NC_002745.2_prot_WP_000525106.1_710	VFG044281(gb|WP_012367516)	34.13	75.0	29.911	5.37e-18	84.3	Proteus mirabilis HI4320
lcl|NC_002745.2_prot_WP_000532966.1_658	VFG039536(gb|NP_820549)	97.9	95.49	38.235	2.1e-45	151.0	Coxiella burnetii RSA 493
lcl|NC_002745.2_prot_WP_000535834.1_1807	VFG049084(gb|WP_004175264)	39.01	81.3	24.257	2.88e-16	78.6	Klebsiella pneumoniae subsp. pneumoniae NTUH-K2044
lcl|NC_002745.2_prot_WP_000538625.1_2487	VFG023853(gb|WP_026071342)	91.34	71.75	33.186	1.38e-34	125.0	Mycobacterium intracellulare MOTT-64
lcl|NC_002745.2_prot_WP_000545451.1_1598	VFG013607(gb|WP_041604533)	92.19	98.61	32.11	8.69e-66	217.0	Haemophilus somnus 129PT
lcl|NC_002745.2_prot_WP_000549207.1_1111	VFG032493(gb|WP_014093186)	93.25	97.4	48.026	2.21e-40	133.0	Listeria ivanovii subsp. ivanovii PAM 55
lcl|NC_002745.2_prot_WP_000549287.1_288	VFG018154(gb|WP_000549287)	100.0	100.0	100.0	0.0	3040.0	Staphylococcus aureus subsp. aureus Mu3
lcl|NC_002745.2_prot_WP_000564315.1_1481	VFG012586(gb|WP_000968127)	97.56	95.44	25.623	3.69e-26	103.0	Escherichia coli CFT073
lcl|NC_002745.2_prot_WP_000565254.1_2256	VFG019531(gb|WP_079990327)	96.51	92.44	26.697	1.05e-32	118.0	Helicobacter pylori Shi470
lcl|NC_002745.2_prot_WP_000565304.1_147	VFG004450(gb|WP_000565304)	100.0	100.0	100.0	0.0	525.0	Staphylococcus aureus subsp. aureus N315
lcl|NC_002745.2_prot_WP_000565310.1_2656	VFG003448(gb|WP_011274716)	95.69	95.69	60.246	5.28e-105	304.0	Staphylococcus haemolyticus JCSC1435
lcl|NC_002745.2_prot_WP_000570807.1_111	VFG044254(gb|WP_000570808)	100.0	100.0	99.693	0.0	668.0	Staphylococcus aureus subsp. aureus str. Newman
lcl|NC_002745.2_prot_WP_000571167.1_943	VFG013703(gb|WP_011273220)	96.71	81.47	30.047	3.24e-25	99.0	Corynebacterium jeikeium K411
lcl|NC_002745.2_prot_WP_000571407.1_194	VFG035924(gb|WP_000593973)	80.53	86.54	39.683	8.11e-39	133.0	Escherichia coli O78:H11:K80 str. H10407
lcl|NC_002745.2_prot_WP_000571549.1_2040	VFG037212(gb|WP_000079187)	63.36	72.46	21.32	1.89e-13	72.4	Acinetobacter baumannii SDF
lcl|NC_002745.2_prot_WP_000571742.1_2667	VFG045297(gb|WP_011213307)	74.36	70.36	25.683	8.74e-09	54.3	Legionella pneumophila subsp. pneumophila str. Philadelphia 1
lcl|NC_002745.2_prot_WP_000575678.1_302	VFG049808(gb|WP_000575678)	100.0	100.0	100.0	6.76e-116	324.0	Staphylococcus aureus subsp. aureus N315
lcl|NC_002745.2_prot_WP_000578458.1_1097	VFG005841(gb|WP_002262748)	97.82	82.38	27.003	1.41e-22	96.7	Streptococcus mutans UA159
lcl|NC_002745.2_prot_WP_000579563.1_1135	VFG008410(gb|YP_005360790)	50.45	80.95	31.563	7.64e-53	187.0	Mycobacterium tuberculosis RGTB327
lcl|NC_002745.2_prot_WP_000582326.1_828	VFG038900(gb|WP_011706614)	89.6	74.49	25.0	4.51e-22	96.3	Aeromonas hydrophila subsp. hydrophila ATCC 7966
lcl|NC_002745.2_prot_WP_000592307.1_2225	VFG036991(gb|WP_002246381)	98.48	96.53	23.47	9.18e-58	216.0	Neisseria meningitidis Z2491
lcl|NC_002745.2_prot_WP_000593436.1_1239	VFG022453(gb|WP_012393578)	92.72	91.84	26.019	9.48e-31	117.0	Mycobacterium marinum M
lcl|NC_002745.2_prot_WP_000594519.1_2388	VFG001273(gb|WP_000594519)	100.0	100.0	100.0	0.0	634.0	Staphylococcus aureus subsp. aureus MW2
lcl|NC_002745.2_prot_WP_000594530.1_1045	VFG044268(gb|WP_000594530)	100.0	100.0	100.0	0.0	623.0	Staphylococcus aureus subsp. aureus str. Newman
lcl|NC_002745.2_prot_WP_000594817.1_254	VFG002188(gb|WP_002362618)	98.71	99.74	47.194	2.73e-123	361.0	Enterococcus faecalis V583
lcl|NC_002745.2_prot_WP_000595297.1_2333	VFG002188(gb|WP_002362618)	45.78	72.49	21.649	2.73e-07	52.8	Enterococcus faecalis V583
lcl|NC_002745.2_prot_WP_000595392.1_1952	VFG044013(gb|WP_000595324)	100.0	100.0	97.337	0.0	684.0	Staphylococcus aureus subsp. aureus USA300_FPR3757
lcl|NC_002745.2_prot_WP_000597238.1_1802	VFG001269(gb|WP_010929996)	97.75	77.95	36.396	7.02e-112	349.0	Bordetella pertussis Tohama I
lcl|NC_002745.2_prot_WP_000602057.1_1996	VFG021792(gb|WP_013241846)	29.91	80.95	28.829	9.39e-16	77.8	Corynebacterium pseudotuberculosis FRC41
lcl|NC_002745.2_prot_WP_000605281.1_174	VFG016033(gb|WP_011103872)	74.91	85.91	32.179	0.0	856.0	Pseudomonas syringae pv. tomato str. DC3000
lcl|NC_002745.2_prot_WP_000610051.1_114	VFG044257(gb|WP_000610051)	100.0	100.0	100.0	0.0	837.0	Staphylococcus aureus subsp. aureus str. Newman
lcl|NC_002745.2_prot_WP_000610259.1_552	VFG004588(gb|WP_000610259)	100.0	100.0	100.0	0.0	2244.0	Staphylococcus aureus subsp. aureus N315
lcl|NC_002745.2_prot_WP_000616840.1_728	VFG007257(gb|WP_005482130)	98.81	99.6	52.0	3.49e-97	284.0	Vibrio parahaemolyticus RIMD 2210633
lcl|NC_002745.2_prot_WP_000620864.1_2315	VFG030250(gb|WP_003900626)	81.05	82.47	24.324	4.91e-14	71.2	Mycobacterium tuberculosis str. Erdman (ATCC 35801)
lcl|NC_002745.2_prot_WP_000621532.1_2582	VFG022617(gb|YP_001701295)	92.13	82.98	52.991	2.78e-41	133.0	Mycobacterium abscessus ATCC 19977
lcl|NC_002745.2_prot_WP_000624945.1_1224	VFG001379(gb|NP_214867)	70.49	70.63	35.955	5.99e-09	50.4	Mycobacterium tuberculosis H37Rv
lcl|NC_002745.2_prot_WP_000625061.1_2536	VFG044377(gb|AAL65284)	76.04	75.76	23.39	8.3e-12	65.9	Pseudomonas fluorescens ATCC 17400
lcl|NC_002745.2_prot_WP_000625878.1_638	VFG044251(gb|WP_000136636)	100.0	100.0	33.141	1.71e-52	176.0	Staphylococcus aureus subsp. aureus str. Newman
lcl|NC_002745.2_prot_WP_000634098.1_444	VFG044286(gb|WP_012367521)	96.35	88.46	36.093	5.32e-48	163.0	Proteus mirabilis HI4320
lcl|NC_002745.2_prot_WP_000634589.1_2255	VFG006485(gb|WP_011578338)	86.0	77.06	30.075	4.52e-13	63.2	Helicobacter acinonychis str. Sheeba
lcl|NC_002745.2_prot_WP_000635623.1_2668	VFG014106(gb|NP_251842)	96.88	99.01	35.5	4.02e-38	130.0	Pseudomonas aeruginosa PAO1
lcl|NC_002745.2_prot_WP_000638475.1_251	VFG053897(gb|WP_032556357.1)	96.22	98.17	26.383	2.02e-23	94.0	Bacteroides fragilis S36L11
lcl|NC_002745.2_prot_WP_000642728.1_1910	VFG000077(gb|NP_465991)	60.41	79.29	29.936	4.7e-11	60.5	Listeria monocytogenes EGD-e
lcl|NC_002745.2_prot_WP_000645452.1_261	VFG014968(gb|WP_002551374)	86.59	85.89	30.303	2.17e-27	105.0	Pseudomonas syringae pv. phaseolicola 1448A
lcl|NC_002745.2_prot_WP_000645608.1_250	VFG030295(gb|WP_011742363)	75.22	77.66	27.243	1.01e-21	94.7	Mycobacterium ulcerans Agy99
lcl|NC_002745.2_prot_WP_000645787.1_23	VFG049852(gb|WP_000645787)	100.0	100.0	100.0	0.0	1589.0	Staphylococcus aureus subsp. aureus JH1
lcl|NC_002745.2_prot_WP_000646211.1_248	VFG030295(gb|WP_011742363)	96.58	98.7	25.581	3.71e-19	87.4	Mycobacterium ulcerans Agy99
lcl|NC_002745.2_prot_WP_000646228.1_1197	VFG038840(gb|WP_005300916)	98.72	96.31	29.362	8.9e-30	111.0	Aeromonas hydrophila ML09-119
lcl|NC_002745.2_prot_WP_000649908.1_1793	VFG002901(gb|WP_002209736)	42.06	93.86	29.907	1.8e-24	101.0	Yersinia pestis Antiqua
lcl|NC_002745.2_prot_WP_000651051.1_336	VFG043682(gb|WP_000217768)	88.25	83.72	21.782	1.32e-20	94.0	Escherichia coli O18:K1:H7 str. IHE3034
lcl|NC_002745.2_prot_WP_000653261.1_2659	VFG001284(gb|WP_000653261)	100.0	100.0	100.0	1.74e-133	371.0	Staphylococcus aureus subsp. aureus MW2
lcl|NC_002745.2_prot_WP_000655881.1_291	VFG049700(gb|WP_000655881)	100.0	100.0	100.0	6.43e-164	451.0	Staphylococcus aureus subsp. aureus JH9
lcl|NC_002745.2_prot_WP_000659319.1_1064	VFG013266(gb|WP_011271949)	94.87	97.44	42.268	4.01e-41	137.0	Haemophilus influenzae 86-028NP
lcl|NC_002745.2_prot_WP_000659683.1_2658	VFG004467(gb|WP_011302061)	100.0	99.1	52.727	1.03e-75	227.0	Staphylococcus saprophyticus subsp. saprophyticus ATCC 15305
lcl|NC_002745.2_prot_WP_000663030.1_714	VFG001965(gb|YP_002344820)	91.76	90.74	29.882	7.96e-33	125.0	Campylobacter jejuni subsp. jejuni NCTC 11168
lcl|NC_002745.2_prot_WP_000667126.1_1594	VFG013197(gb|WP_011608705)	98.15	94.41	44.444	6.94e-94	282.0	Haemophilus somnus 2336
lcl|NC_002745.2_prot_WP_000668175.1_154	VFG005068(gb|WP_000668175)	100.0	100.0	100.0	0.0	756.0	Staphylococcus aureus subsp. aureus Mu50
lcl|NC_002745.2_prot_WP_000668818.1_935	VFG032201(gb|WP_012985237)	99.7	99.7	53.333	6.35e-126	363.0	Listeria seeligeri serovar 1/2b str. SLCC3954
lcl|NC_002745.2_prot_WP_000669014.1_401	VFG004959(gb|WP_000669014)	100.0	100.0	100.0	1.07e-165	456.0	Staphylococcus aureus subsp. aureus N315
lcl|NC_002745.2_prot_WP_000669537.1_1072	VFG049876(gb|WP_000702263)	98.28	96.55	45.614	8e-27	95.9	Staphylococcus aureus subsp. aureus MW2
lcl|NC_002745.2_prot_WP_000670950.1_1047	VFG001324(gb|WP_000670950)	100.0	100.0	100.0	3.14e-77	222.0	Staphylococcus aureus subsp. aureus str. Newman
lcl|NC_002745.2_prot_WP_000673034.1_408	VFG004942(gb|WP_000673034)	100.0	100.0	100.0	2.44e-168	462.0	Staphylococcus aureus subsp. aureus N315
lcl|NC_002745.2_prot_WP_000673051.1_410	VFG004886(gb|WP_000673051)	100.0	100.0	100.0	1.38e-165	455.0	Staphylococcus aureus subsp. aureus USA300_FPR3757
lcl|NC_002745.2_prot_WP_000676539.1_959	VFG004781(gb|WP_000676539)	100.0	100.0	100.0	0.0	689.0	Staphylococcus aureus subsp. aureus N315
lcl|NC_002745.2_prot_WP_000678232.1_1426	VFG005766(gb|WP_000861302)	68.53	74.58	26.111	1.67e-12	65.1	Streptococcus agalactiae NEM316
lcl|NC_002745.2_prot_WP_000680945.1_2643	VFG023552(gb|WP_193374428)	88.32	79.51	32.208	1.15e-104	340.0	Mycobacterium sp. JDM601
lcl|NC_002745.2_prot_WP_000683940.1_1485	VFG039691(gb|NP_821046)	25.68	89.52	34.737	5.68e-14	67.4	Coxiella burnetii RSA 493
lcl|NC_002745.2_prot_WP_000684147.1_2270	VFG000173(gb|NP_252907)	89.04	90.3	25.067	1.97e-16	80.1	Pseudomonas aeruginosa PAO1
lcl|NC_002745.2_prot_WP_000688122.1_1258	VFG052855(gb|WP_011187133.1)	81.85	70.05	34.028	1.69e-39	143.0	Borrelia bavariensis PBi
lcl|NC_002745.2_prot_WP_000688492.1_1987	VFG032679(gb|WP_014091621)	100.0	98.76	42.975	8.39e-68	209.0	Listeria ivanovii subsp. ivanovii PAM 55
lcl|NC_002745.2_prot_WP_000690025.1_1380	VFG013498(gb|WP_011961862)	93.42	95.75	24.462	3.52e-16	79.0	Haemophilus influenzae PittEE
lcl|NC_002745.2_prot_WP_000690405.1_216	VFG049987(gb|WP_000877687)	69.57	71.07	23.684	3.63e-06	47.8	Bacillus cereus ATCC 14579
lcl|NC_002745.2_prot_WP_000691839.1_2297	VFG037468(gb|WP_001105542)	88.44	89.86	22.711	3.27e-06	47.8	Acinetobacter baumannii AB0057
lcl|NC_002745.2_prot_WP_000692504.1_125	VFG005974(gb|WP_041827042)	86.86	99.37	29.769	8.22e-39	141.0	Streptococcus thermophilus CNRZ1066
lcl|NC_002745.2_prot_WP_000692648.1_2361	VFG009608(gb|WP_011730341)	89.4	84.49	60.86	0.0	609.0	Mycobacterium smegmatis str. MC2 155
lcl|NC_002745.2_prot_WP_000697220.1_1470	VFG045998(gb|WP_001025179)	81.17	70.71	36.264	1.76e-52	177.0	Escherichia coli NA114
lcl|NC_002745.2_prot_WP_000697334.1_2067	VFG048979(gb|WP_031592319)	88.49	86.81	33.333	4.15e-14	64.7	Klebsiella pneumoniae subsp. pneumoniae MGH 78578
lcl|NC_002745.2_prot_WP_000697877.1_2617	VFG006821(gb|WP_003729795)	100.0	99.11	47.321	2.74e-66	204.0	Listeria welshimeri serovar 6b str. SLCC5334
lcl|NC_002745.2_prot_WP_000702262.1_1885	VFG049879(gb|WP_000702262)	100.0	100.0	100.0	8e-79	227.0	Staphylococcus aureus subsp. aureus N315
lcl|NC_002745.2_prot_WP_000702778.1_694	VFG000670(gb|NP_706258)	94.8	98.71	44.695	1.33e-83	254.0	Shigella flexneri 2a str. 301
lcl|NC_002745.2_prot_WP_000705657.1_405	VFG004951(gb|WP_000705657)	100.0	100.0	100.0	0.0	589.0	Staphylococcus aureus subsp. aureus N315
lcl|NC_002745.2_prot_WP_000706315.1_2356	VFG045728(gb|WP_003635449)	99.54	95.43	36.574	7.12e-41	138.0	Legionella longbeachae NSW150
lcl|NC_002745.2_prot_WP_000710555.1_91	VFG016327(gb|WP_000069636)	97.87	96.35	37.994	3.31e-73	229.0	Bacillus thuringiensis str. Al Hakam
lcl|NC_002745.2_prot_WP_000711896.1_875	VFG043006(gb|WP_000828633)	92.15	80.95	35.556	1.5e-17	76.6	Streptococcus agalactiae COH1
lcl|NC_002745.2_prot_WP_000713847.1_1761	VFG004997(gb|WP_000713847)	100.0	100.0	100.0	2.12e-177	486.0	Staphylococcus aureus subsp. aureus N315
lcl|NC_002745.2_prot_WP_000718953.1_2011	VFG009376(gb|WP_003893754)	97.89	94.42	39.062	1.27e-41	139.0	Mycobacterium smegmatis str. MC2 155
lcl|NC_002745.2_prot_WP_000721336.1_2471	VFG016433(gb|WP_000757777)	99.31	97.94	72.028	2.37e-151	424.0	Bacillus thuringiensis str. Al Hakam
lcl|NC_002745.2_prot_WP_000723301.1_542	VFG047143(gb|WP_011733708)	95.33	94.14	24.611	3.02e-10	60.5	Francisella novicida U112
lcl|NC_002745.2_prot_WP_000723418.1_2063	VFG005132(gb|WP_000723437)	100.0	98.43	60.8	2.51e-174	490.0	Staphylococcus aureus subsp. aureus MSSA476
lcl|NC_002745.2_prot_WP_000723436.1_160	VFG005130(gb|WP_000723436)	100.0	100.0	100.0	0.0	785.0	Staphylococcus aureus subsp. aureus Mu50
lcl|NC_002745.2_prot_WP_000723836.1_2663	VFG001288(gb|WP_000723836)	100.0	100.0	100.0	0.0	692.0	Staphylococcus aureus subsp. aureus MW2
lcl|NC_002745.2_prot_WP_000727645.1_1886	VFG049867(gb|WP_000727645)	100.0	100.0	100.0	5.21e-106	298.0	Staphylococcus aureus subsp. aureus N315
lcl|NC_002745.2_prot_WP_000727772.1_2371	VFG005227(gb|WP_011018275)	62.14	99.67	29.846	2.95e-32	125.0	Streptococcus pyogenes MGAS8232
lcl|NC_002745.2_prot_WP_000728068.1_785	VFG043451(gb|WP_000728056)	100.0	100.0	98.529	0.0	672.0	Staphylococcus aureus subsp. aureus COL
lcl|NC_002745.2_prot_WP_000728765.1_106	VFG004649(gb|WP_000728765)	100.0	100.0	100.0	0.0	886.0	Staphylococcus aureus subsp. aureus N315
lcl|NC_002745.2_prot_WP_000728958.1_284	VFG018103(gb|WP_000728958)	100.0	100.0	100.0	0.0	2045.0	Staphylococcus aureus subsp. aureus Mu3
lcl|NC_002745.2_prot_WP_000731644.1_654	VFG043453(gb|WP_001829380)	90.19	74.38	49.378	7.98e-74	228.0	Staphylococcus epidermidis ATCC 12228
lcl|NC_002745.2_prot_WP_000732324.1_818	VFG045346(gb|WP_011149697)	97.8	97.4	35.448	9.34e-44	149.0	Vibrio vulnificus YJ016
lcl|NC_002745.2_prot_WP_000735038.1_2249	VFG013748(gb|WP_010934776)	87.75	85.88	27.036	2.21e-13	69.7	Corynebacterium diphtheriae NCTC 13129
lcl|NC_002745.2_prot_WP_000736082.1_124	VFG016416(gb|WP_000060578)	81.74	86.4	43.0	9.24e-47	154.0	Bacillus thuringiensis serovar konkukian str. 97-27
lcl|NC_002745.2_prot_WP_000736712.1_1758	VFG005003(gb|WP_000736712)	100.0	100.0	100.0	0.0	528.0	Staphylococcus aureus subsp. aureus N315
lcl|NC_002745.2_prot_WP_000737162.1_674	VFG013249(gb|WP_011271803)	88.4	84.67	24.603	6.56e-39	150.0	Haemophilus influenzae 86-028NP
lcl|NC_002745.2_prot_WP_000737654.1_620	VFG045614(gb|WP_002286843)	98.38	96.2	53.871	4.03e-111	324.0	Enterococcus faecium Aus0004
lcl|NC_002745.2_prot_WP_000739531.1_1081	VFG004890(gb|WP_000673479)	93.78	96.98	27.197	2.2e-10	58.9	Staphylococcus aureus subsp. aureus USA300_FPR3757
lcl|NC_002745.2_prot_WP_000744096.1_226	VFG004658(gb|WP_000744096)	100.0	100.0	100.0	0.0	1344.0	Staphylococcus aureus subsp. aureus N315
lcl|NC_002745.2_prot_WP_000745891.1_2623	VFG004632(gb|WP_000745891)	100.0	100.0	100.0	0.0	1691.0	Staphylococcus aureus subsp. aureus N315
lcl|NC_002745.2_prot_WP_000746599.1_1956	VFG004988(gb|WP_000746599)	100.0	100.0	100.0	1.94e-175	481.0	Staphylococcus aureus RF122
lcl|NC_002745.2_prot_WP_000753319.1_750	VFG043452(gb|WP_001170264)	81.36	72.46	33.197	2.59e-19	86.3	Staphylococcus aureus subsp. aureus COL
lcl|NC_002745.2_prot_WP_000754443.1_729	VFG005812(gb|WP_000858246)	81.58	84.42	33.688	1.51e-41	147.0	Streptococcus pneumoniae D39
lcl|NC_002745.2_prot_WP_000757880.1_272	VFG045670(gb|WP_002286379)	91.57	90.56	28.165	1.3e-29	115.0	Enterococcus faecium Aus0004
lcl|NC_002745.2_prot_WP_000758209.1_874	VFG043006(gb|WP_000828633)	91.38	78.31	24.691	1.64e-08	51.6	Streptococcus agalactiae COH1
lcl|NC_002745.2_prot_WP_000759366.1_2501	VFG043009(gb|WP_032456235)	92.72	74.91	30.18	1.06e-14	70.9	Streptococcus agalactiae COH1
lcl|NC_002745.2_prot_WP_000763043.1_1873	VFG022453(gb|WP_012393578)	98.28	92.45	26.623	1.43e-26	106.0	Mycobacterium marinum M
lcl|NC_002745.2_prot_WP_000767028.1_1116	VFG049120(gb|WP_012737535)	98.82	94.7	30.023	9.97e-55	187.0	Klebsiella pneumoniae subsp. pneumoniae NTUH-K2044
lcl|NC_002745.2_prot_WP_000769160.1_414	VFG004933(gb|WP_000769160)	100.0	100.0	100.0	1.44e-166	458.0	Staphylococcus aureus subsp. aureus N315
lcl|NC_002745.2_prot_WP_000769694.1_890	VFG017229(gb|WP_000769694)	100.0	100.0	100.0	8.75e-103	290.0	Staphylococcus aureus subsp. aureus JH1
lcl|NC_002745.2_prot_WP_000769705.1_2165	VFG017229(gb|WP_000769694)	100.0	98.61	46.259	5.77e-36	120.0	Staphylococcus aureus subsp. aureus JH1
lcl|NC_002745.2_prot_WP_000769820.1_407	VFG004945(gb|WP_000769820)	100.0	100.0	100.0	2.67e-166	457.0	Staphylococcus aureus subsp. aureus N315
lcl|NC_002745.2_prot_WP_000773921.1_2499	VFG016166(gb|WP_003372869)	82.46	73.76	23.077	9.11e-13	65.5	Pseudomonas syringae pv. syringae B728a
lcl|NC_002745.2_prot_WP_000774556.1_1843	VFG043491(gb|WP_001124831)	97.9	95.15	35.426	2.93e-135	412.0	Leptospira interrogans serovar Lai str. 56601
lcl|NC_002745.2_prot_WP_000776422.1_1469	VFG013791(gb|WP_011063521)	98.6	86.42	23.37	1.37e-14	74.3	Pseudomonas fluorescens Pf-5
lcl|NC_002745.2_prot_WP_000778500.1_409	VFG004939(gb|WP_000778500)	100.0	100.0	100.0	2.69e-169	465.0	Staphylococcus aureus subsp. aureus N315
lcl|NC_002745.2_prot_WP_000779504.1_159	VFG005121(gb|WP_000779504)	100.0	100.0	100.0	0.0	860.0	Staphylococcus aureus subsp. aureus Mu50
lcl|NC_002745.2_prot_WP_000779749.1_1427	VFG009346(gb|WP_011727304)	90.77	91.26	30.566	3.58e-33	122.0	Mycobacterium smegmatis str. MC2 155
lcl|NC_002745.2_prot_WP_000781349.1_406	VFG004948(gb|WP_000781349)	100.0	100.0	100.0	1.34e-172	474.0	Staphylococcus aureus subsp. aureus N315
lcl|NC_002745.2_prot_WP_000782121.1_1775	VFG032908(gb|WP_014093538)	92.81	93.9	32.154	1.16e-29	114.0	Listeria ivanovii subsp. ivanovii PAM 55
lcl|NC_002745.2_prot_WP_000782463.1_1751	VFG004864(gb|WP_000782463)	100.0	100.0	100.0	0.0	671.0	Staphylococcus aureus subsp. aureus N315
lcl|NC_002745.2_prot_WP_000782622.1_402	VFG004956(gb|WP_000782622)	100.0	100.0	100.0	3.38e-169	465.0	Staphylococcus aureus subsp. aureus N315
lcl|NC_002745.2_prot_WP_000783428.1_2390	VFG001275(gb|WP_000783428)	100.0	100.0	100.0	0.0	668.0	Staphylococcus aureus subsp. aureus MW2
lcl|NC_002745.2_prot_WP_000786734.1_898	VFG013192(gb|WP_012340414)	90.42	73.93	29.474	2.15e-36	133.0	Haemophilus somnus 2336
lcl|NC_002745.2_prot_WP_000789821.1_1042	VFG001319(gb|WP_000789821)	100.0	100.0	100.0	1.05e-165	456.0	Staphylococcus aureus subsp. aureus str. Newman
lcl|NC_002745.2_prot_WP_000790331.1_1991	VFG045670(gb|WP_002286379)	95.25	91.15	23.457	4.73e-15	74.7	Enterococcus faecium Aus0004
lcl|NC_002745.2_prot_WP_000791411.1_1953	VFG044014(gb|WP_000791407)	100.0	100.0	99.715	0.0	717.0	Staphylococcus aureus subsp. aureus USA300_FPR3757
lcl|NC_002745.2_prot_WP_000791581.1_1071	VFG004494(gb|WP_000791581)	100.0	100.0	100.0	2.22e-121	338.0	Staphylococcus aureus subsp. aureus N315
lcl|NC_002745.2_prot_WP_000791702.1_784	VFG002418(gb|WP_000791729)	100.0	100.0	69.65	0.0	654.0	Staphylococcus aureus subsp. aureus str. Newman
lcl|NC_002745.2_prot_WP_000792559.1_2387	VFG049886(gb|WP_000792559)	100.0	100.0	100.0	0.0	883.0	Staphylococcus aureus subsp. aureus JH1
lcl|NC_002745.2_prot_WP_000793607.1_1082	VFG015903(gb|WP_011169509)	99.1	98.78	43.333	1.48e-90	273.0	Pseudomonas syringae pv. phaseolicola 1448A
lcl|NC_002745.2_prot_WP_000794565.1_200	VFG045470(gb|AAM75247)	96.92	95.45	44.444	2.03e-11	53.1	Enterococcus faecalis str. MMH594
lcl|NC_002745.2_prot_WP_000794614.1_2475	VFG004623(gb|WP_000794614)	100.0	100.0	100.0	0.0	2083.0	Staphylococcus aureus subsp. aureus N315
lcl|NC_002745.2_prot_WP_000800700.1_2216	VFG052932(gb|WP_012539558.1)	98.65	97.78	40.177	7.9e-104	316.0	Borrelia recurrentis A1
lcl|NC_002745.2_prot_WP_000816184.1_838	VFG015888(gb|WP_003381691)	87.64	86.15	26.201	6.85e-16	75.1	Pseudomonas syringae pv. phaseolicola 1448A
lcl|NC_002745.2_prot_WP_000817954.1_632	VFG013249(gb|WP_011271803)	97.57	96.76	30.769	6.08e-87	281.0	Haemophilus influenzae 86-028NP
lcl|NC_002745.2_prot_WP_000818525.1_1623	VFG047681(gb|WP_014715447)	72.41	74.15	22.802	2.65e-09	58.9	Francisella noatunensis subsp. orientalis str. Toba 04
lcl|NC_002745.2_prot_WP_000818915.1_210	VFG030724(gb|WP_015308640)	98.9	94.06	51.832	5.75e-128	373.0	Mycobacterium smegmatis JS623
lcl|NC_002745.2_prot_WP_000821658.1_1762	VFG004985(gb|WP_000821658)	100.0	100.0	100.0	3.16e-179	491.0	Staphylococcus aureus subsp. aureus N315
lcl|NC_002745.2_prot_WP_000824948.1_2443	VFG005765(gb|WP_000861303)	90.81	98.75	36.614	3.96e-42	144.0	Streptococcus agalactiae A909
lcl|NC_002745.2_prot_WP_000825098.1_157	VFG005096(gb|WP_000825098)	100.0	100.0	100.0	3.42e-136	377.0	Staphylococcus aureus subsp. aureus USA300_FPR3757
lcl|NC_002745.2_prot_WP_000825530.1_448	VFG045346(gb|WP_011149697)	92.86	96.65	36.981	3.37e-51	169.0	Vibrio vulnificus YJ016
lcl|NC_002745.2_prot_WP_000825921.1_2381	VFG041139(gb|WP_006485337)	87.64	85.71	36.638	8.26e-46	154.0	Burkholderia cenocepacia J2315
lcl|NC_002745.2_prot_WP_000827746.1_1848	VFG004717(gb|WP_002437704)	100.0	100.0	59.494	1.7e-170	481.0	Staphylococcus epidermidis RP62A
lcl|NC_002745.2_prot_WP_000831055.1_2275	VFG005108(gb|WP_041615072)	89.52	90.03	51.064	9.58e-103	303.0	Staphylococcus haemolyticus JCSC1435
lcl|NC_002745.2_prot_WP_000834089.1_127	VFG005844(gb|WP_011681165)	98.53	99.58	31.224	7.38e-72	235.0	Streptococcus thermophilus LMD-9
lcl|NC_002745.2_prot_WP_000841351.1_1244	VFG004735(gb|WP_000841351)	100.0	100.0	100.0	1.38e-131	365.0	Staphylococcus aureus subsp. aureus N315
lcl|NC_002745.2_prot_WP_000841404.1_2473	VFG004615(gb|WP_000841404)	100.0	100.0	100.0	0.0	1932.0	Staphylococcus aureus subsp. aureus N315
lcl|NC_002745.2_prot_WP_000842040.1_2664	VFG004769(gb|WP_000842040)	100.0	100.0	100.0	0.0	1400.0	Staphylococcus aureus subsp. aureus N315
lcl|NC_002745.2_prot_WP_000848304.1_1536	VFG054342(gb|WP_039416961.1)	95.02	97.1	31.325	6.86e-53	182.0	Porphyromonas gingivalis ATCC 33277
lcl|NC_002745.2_prot_WP_000857488.1_1076	VFG004845(gb|WP_000857488)	100.0	100.0	100.0	0.0	655.0	Staphylococcus aureus subsp. aureus N315
lcl|NC_002745.2_prot_WP_000857598.1_675	VFG026736(gb|WP_015356663)	73.79	73.92	28.082	1.53e-35	140.0	Mycobacterium liflandii 128FXT
lcl|NC_002745.2_prot_WP_000858967.1_64	VFG021089(gb|WP_024131483)	86.58	89.24	38.308	1e-37	131.0	Salmonella enterica subsp. enterica serovar Gallinarum str. 287/91
lcl|NC_002745.2_prot_WP_000862095.1_1664	VFG030387(gb|WP_015304695)	81.16	88.35	26.85	1.69e-42	159.0	Mycobacterium smegmatis JS623
lcl|NC_002745.2_prot_WP_000863556.1_1479	VFG001867(gb|WP_016357051)	94.97	96.35	48.958	7.89e-65	198.0	Legionella pneumophila subsp. pneumophila str. Philadelphia 1
lcl|NC_002745.2_prot_WP_000868132.1_1585	VFG042511(gb|AAO73845)	42.66	75.39	28.481	1.28e-09	57.4	Escherichia coli O20:K27:H- ARG-2
lcl|NC_002745.2_prot_WP_000868132.1_2106	VFG042511(gb|AAO73845)	42.66	75.39	28.481	1.28e-09	57.4	Escherichia coli O20:K27:H- ARG-2
lcl|NC_002745.2_prot_WP_000868132.1_2580	VFG042511(gb|AAO73845)	42.66	75.39	28.481	1.28e-09	57.4	Escherichia coli O20:K27:H- ARG-2
lcl|NC_002745.2_prot_WP_000868132.1_52	VFG042511(gb|AAO73845)	42.66	75.39	28.481	1.28e-09	57.4	Escherichia coli O20:K27:H- ARG-2
lcl|NC_002745.2_prot_WP_000868132.1_806	VFG042511(gb|AAO73845)	42.66	75.39	28.481	1.28e-09	57.4	Escherichia coli O20:K27:H- ARG-2
lcl|NC_002745.2_prot_WP_000868413.1_1178	VFG045682(gb|WP_002296531)	98.08	98.5	44.776	2.26e-68	212.0	Enterococcus faecium Aus0004
lcl|NC_002745.2_prot_WP_000872390.1_1013	VFG030623(gb|WP_011894705)	75.09	73.45	24.286	1.54e-09	57.4	Mycobacterium gilvum PYR-GCK
lcl|NC_002745.2_prot_WP_000872486.1_255	VFG053897(gb|WP_032556357.1)	96.22	98.17	24.017	1.25e-19	84.0	Bacteroides fragilis S36L11
lcl|NC_002745.2_prot_WP_000874681.1_128	VFG001867(gb|WP_016357051)	94.47	95.83	45.55	3.11e-59	184.0	Legionella pneumophila subsp. pneumophila str. Philadelphia 1
lcl|NC_002745.2_prot_WP_000876318.1_726	VFG007245(gb|WP_000735136)	95.98	98.4	44.194	1.35e-94	283.0	Vibrio cholerae O1 biovar El Tor str. N16961
lcl|NC_002745.2_prot_WP_000877369.1_2662	VFG004527(gb|WP_000877369)	100.0	100.0	100.0	0.0	587.0	Staphylococcus aureus subsp. aureus N315
lcl|NC_002745.2_prot_WP_000888486.1_1134	VFG032387(gb|WP_003748418)	96.36	94.84	40.586	2.6e-63	198.0	Listeria seeligeri serovar 1/2b str. SLCC3954
lcl|NC_002745.2_prot_WP_000889252.1_621	VFG012586(gb|WP_000968127)	100.0	97.54	35.252	7.89e-58	186.0	Escherichia coli CFT073
lcl|NC_002745.2_prot_WP_000894464.1_622	VFG013045(gb|WP_000983722)	91.09	82.91	33.188	1.89e-42	145.0	Shigella dysenteriae Sd197
lcl|NC_002745.2_prot_WP_000897132.1_513	VFG000079(gb|NP_463763)	97.68	97.44	70.0	0.0	1153.0	Listeria monocytogenes EGD-e
lcl|NC_002745.2_prot_WP_000908182.1_2112	VFG044236(gb|WP_011815405)	95.38	91.35	30.116	1.98e-22	93.2	Yersinia enterocolitica subsp. enterocolitica 8081
lcl|NC_002745.2_prot_WP_000911017.1_309	VFG002059(gb|NP_248763)	89.78	87.45	36.967	2.43e-34	122.0	Pseudomonas aeruginosa PAO1
lcl|NC_002745.2_prot_WP_000916704.1_2389	VFG001274(gb|WP_000916704)	100.0	100.0	100.0	0.0	649.0	Staphylococcus aureus subsp. aureus MW2
lcl|NC_002745.2_prot_WP_000920042.1_1888	VFG004789(gb|WP_000920042)	100.0	100.0	100.0	3.42e-116	325.0	Staphylococcus aureus subsp. aureus N315
lcl|NC_002745.2_prot_WP_000921965.1_988	VFG013731(gb|WP_005291888)	45.49	79.5	27.149	1.21e-16	80.1	Corynebacterium jeikeium K411
lcl|NC_002745.2_prot_WP_000923526.1_2426	VFG048480(gb|WP_014837773)	89.09	76.89	30.882	1.07e-25	100.0	Klebsiella oxytoca E718
lcl|NC_002745.2_prot_WP_000924990.1_109	VFG044252(gb|WP_000924997)	100.0	100.0	99.698	0.0	639.0	Staphylococcus aureus subsp. aureus str. Newman
lcl|NC_002745.2_prot_WP_000928938.1_285	VFG018116(gb|WP_000928938)	100.0	100.0	100.0	8.43e-110	308.0	Staphylococcus aureus subsp. aureus Mu3
lcl|NC_002745.2_prot_WP_000933105.1_920	VFG044071(gb|NP_214719)	79.78	78.2	23.906	1.02e-13	71.6	Mycobacterium tuberculosis H37Rv
lcl|NC_002745.2_prot_WP_000933195.1_919	VFG038839(gb|WP_011707832)	97.27	97.59	27.559	4.35e-11	61.2	Aeromonas hydrophila subsp. hydrophila ATCC 7966
lcl|NC_002745.2_prot_WP_000934155.1_2359	VFG009635(gb|WP_011893047)	98.22	91.36	43.243	5.6e-63	196.0	Mycobacterium gilvum PYR-GCK
lcl|NC_002745.2_prot_WP_000934467.1_551	VFG004596(gb|WP_000934467)	100.0	100.0	100.0	0.0	2699.0	Staphylococcus aureus subsp. aureus N315
lcl|NC_002745.2_prot_WP_000939521.1_1798	VFG009677(gb|WP_009976955)	99.34	83.59	29.825	4.62e-12	60.8	Mycobacterium avium 104
lcl|NC_002745.2_prot_WP_000940790.1_148	VFG002970(gb|WP_000940790)	100.0	100.0	100.0	0.0	1241.0	Staphylococcus aureus subsp. aureus N315
lcl|NC_002745.2_prot_WP_000942210.1_1445	VFG037128(gb|WP_014581159)	98.93	98.56	33.216	6.48e-86	276.0	Neisseria meningitidis M01-240149
lcl|NC_002745.2_prot_WP_000942303.1_1314	VFG013715(gb|WP_010934432)	43.15	77.26	28.39	2.82e-16	79.3	Corynebacterium diphtheriae NCTC 13129
lcl|NC_002745.2_prot_WP_000943819.1_321	VFG004756(gb|WP_000943819)	100.0	100.0	100.0	0.0	1439.0	Staphylococcus aureus subsp. aureus N315
lcl|NC_002745.2_prot_WP_000948974.1_2418	VFG036559(gb|WP_013449339)	64.95	70.82	37.687	2.07e-51	176.0	Neisseria lactamica 020-06
lcl|NC_002745.2_prot_WP_000951624.1_2137	VFG044274(gb|WP_000951636)	100.0	100.0	99.438	0.0	726.0	Staphylococcus aureus subsp. aureus str. Newman
lcl|NC_002745.2_prot_WP_000954271.1_334	VFG049939(gb|WP_000409765)	71.43	94.61	20.619	2.4e-09	60.1	Bacillus anthracis str. Ames Ancestor
lcl|NC_002745.2_prot_WP_000954654.1_623	VFG023978(gb|WP_008258556)	99.53	98.25	26.432	2.63e-17	77.4	Mycobacterium indicus pranii MTCC 9506
lcl|NC_002745.2_prot_WP_000955781.1_144	VFG031960(gb|WP_014092990)	98.85	99.31	64.535	0.0	1174.0	Listeria ivanovii subsp. ivanovii PAM 55
lcl|NC_002745.2_prot_WP_000958531.1_2124	VFG018030(gb|WP_002854691)	62.43	78.12	28.571	2.49e-12	66.6	Campylobacter jejuni subsp. jejuni 81116
lcl|NC_002745.2_prot_WP_000960712.1_199	VFG000696(gb|AAP42188)	92.08	99.08	33.043	9.31e-22	89.7	Haemophilus influenzae str. 1007
lcl|NC_002745.2_prot_WP_000971550.1_2393	VFG047490(gb|WP_003016409)	91.37	91.47	28.125	4.79e-36	134.0	Francisella tularensis subsp. holarctica FTNF002-00
lcl|NC_002745.2_prot_WP_000974460.1_799	VFG043553(gb|WP_011113530)	97.14	94.48	36.17	1.01e-18	76.6	Mycoplasma gallisepticum str. R(low)
lcl|NC_002745.2_prot_WP_000974881.1_2057	VFG019951(gb|WP_012614296)	70.32	80.0	33.24	1.3e-45	165.0	Pseudomonas aeruginosa LESB58
lcl|NC_002745.2_prot_WP_000974909.1_2134	VFG044272(gb|WP_000974906)	100.0	100.0	99.708	0.0	679.0	Staphylococcus aureus subsp. aureus str. Newman
lcl|NC_002745.2_prot_WP_000975351.1_258	VFG006036(gb|WP_011837191)	44.15	73.99	27.059	4.92e-19	88.2	Streptococcus sanguinis SK36
lcl|NC_002745.2_prot_WP_000989088.1_2133	VFG044271(gb|WP_000989091)	100.0	100.0	99.689	0.0	612.0	Staphylococcus aureus subsp. aureus str. Newman
lcl|NC_002745.2_prot_WP_000991306.1_1875	VFG050113(gb|WP_000590108)	72.15	74.23	34.562	9.47e-34	124.0	Bacillus cereus AH187
lcl|NC_002745.2_prot_WP_000999131.1_2320	VFG045330(gb|WP_010947054)	69.4	70.21	24.286	3.42e-19	88.6	Legionella pneumophila subsp. pneumophila str. Philadelphia 1
lcl|NC_002745.2_prot_WP_000999205.1_2250	VFG049152(gb|WP_000337350)	85.94	87.5	23.684	1.28e-10	62.4	Klebsiella pneumoniae subsp. pneumoniae 1084
lcl|NC_002745.2_prot_WP_001004752.1_1280	VFG044071(gb|NP_214719)	75.87	81.2	22.258	4.15e-14	73.2	Mycobacterium tuberculosis H37Rv
lcl|NC_002745.2_prot_WP_001005835.1_2626	VFG047663(gb|WP_014715113)	72.27	76.76	22.632	2.97e-07	52.8	Francisella noatunensis subsp. orientalis str. Toba 04
lcl|NC_002745.2_prot_WP_001006450.1_823	VFG015999(gb|WP_004659020)	90.38	86.62	22.573	1.07e-10	63.2	Pseudomonas syringae pv. phaseolicola 1448A
lcl|NC_002745.2_prot_WP_001008400.1_231	VFG030400(gb|WP_081465621)	98.2	98.42	32.871	7.52e-82	263.0	Mycobacterium sp. JDM601
lcl|NC_002745.2_prot_WP_001008493.1_301	VFG049796(gb|WP_001008493)	100.0	100.0	100.0	2.6e-120	336.0	Staphylococcus aureus subsp. aureus N315
lcl|NC_002745.2_prot_WP_001008722.1_218	VFG032174(gb|WP_012985162)	100.0	99.35	52.723	2.17e-169	484.0	Listeria seeligeri serovar 1/2b str. SLCC3954
lcl|NC_002745.2_prot_WP_001010111.1_338	VFG032174(gb|WP_012985162)	91.37	87.42	33.654	2.18e-55	190.0	Listeria seeligeri serovar 1/2b str. SLCC3954
lcl|NC_002745.2_prot_WP_001010292.1_289	VFG018167(gb|WP_001010292)	100.0	100.0	100.0	8.35e-92	261.0	Staphylococcus aureus subsp. aureus Mu3
lcl|NC_002745.2_prot_WP_001011595.1_1799	VFG013618(gb|WP_011609384)	99.3	98.61	47.073	7.68e-146	422.0	Haemophilus somnus 129PT
lcl|NC_002745.2_prot_WP_001015549.1_119	VFG044262(gb|WP_001015549)	100.0	100.0	100.0	0.0	533.0	Staphylococcus aureus subsp. aureus str. Newman
lcl|NC_002745.2_prot_WP_001015601.1_1167	VFG012274(gb|WP_000044708)	56.04	84.85	25.146	1.47e-13	68.2	Escherichia coli 536
lcl|NC_002745.2_prot_WP_001016166.1_1115	VFG047683(gb|WP_003040812)	98.98	97.08	33.657	1.32e-41	145.0	Francisella novicida U112
lcl|NC_002745.2_prot_WP_001024095.1_2096	VFG034344(gb|WP_000189358)	94.57	98.07	26.009	9.44e-14	67.4	Escherichia coli ABU 83972
lcl|NC_002745.2_prot_WP_001028283.1_150	VFG005024(gb|WP_001028283)	100.0	100.0	100.0	0.0	761.0	Staphylococcus aureus subsp. aureus Mu50
lcl|NC_002745.2_prot_WP_001031978.1_967	VFG016389(gb|WP_000727070)	77.53	99.67	31.464	4.04e-38	139.0	Bacillus cereus ATCC 10987
lcl|NC_002745.2_prot_WP_001032807.1_1661	VFG044443(gb|WP_001032773)	100.0	100.0	98.436	0.0	1789.0	Staphylococcus aureus subsp. aureus str. Newman
lcl|NC_002745.2_prot_WP_001033876.1_307	VFG046589(gb|WP_013922980)	74.66	95.14	32.636	1.29e-24	99.4	Francisella sp. TX077308
lcl|NC_002745.2_prot_WP_001035599.1_1959	VFG001809(gb|WP_001035599)	100.0	100.0	100.0	2.56e-173	475.0	Staphylococcus aureus subsp. aureus N315
lcl|NC_002745.2_prot_WP_001038704.1_1742	VFG004678(gb|WP_001038704)	100.0	100.0	100.0	1.9e-175	481.0	Staphylococcus aureus subsp. aureus USA300_FPR3757
lcl|NC_002745.2_prot_WP_001038752.1_1741	VFG004667(gb|WP_001038752)	100.0	100.0	100.0	6.71e-175	480.0	Staphylococcus aureus subsp. aureus N315
lcl|NC_002745.2_prot_WP_001038872.1_1743	VFG004687(gb|WP_001038872)	100.0	100.0	100.0	6.3e-173	475.0	Staphylococcus aureus subsp. aureus N315
lcl|NC_002745.2_prot_WP_001039427.1_1745	VFG004703(gb|WP_001039427)	100.0	100.0	100.0	3.45e-172	473.0	Staphylococcus aureus subsp. aureus N315
lcl|NC_002745.2_prot_WP_001039454.1_1744	VFG004696(gb|WP_001039454)	100.0	100.0	100.0	6.71e-175	480.0	Staphylococcus aureus subsp. aureus N315
lcl|NC_002745.2_prot_WP_001040568.1_537	VFG016493(gb|WP_011283803)	100.0	100.0	76.396	0.0	625.0	Mycoplasma synoviae 53
lcl|NC_002745.2_prot_WP_001041111.1_2015	VFG022873(gb|WP_013830034)	96.88	95.42	37.945	2.47e-55	178.0	Mycobacterium sp. JDM601
lcl|NC_002745.2_prot_WP_001041274.1_685	VFG047328(gb|WP_014549025)	99.74	96.9	21.065	2.9e-11	64.7	Francisella cf. tularensis subsp. novicida 3523
lcl|NC_002745.2_prot_WP_001041583.1_1040	VFG001317(gb|WP_001041586)	100.0	100.0	99.38	0.0	1296.0	Staphylococcus aureus subsp. aureus str. Newman
lcl|NC_002745.2_prot_WP_001044230.1_883	VFG032994(gb|WP_011702113)	99.17	99.83	40.753	1.47e-146	436.0	Listeria welshimeri serovar 6b str. SLCC5334
lcl|NC_002745.2_prot_WP_001044915.1_610	VFG012271(gb|WP_000044700)	77.42	73.23	31.973	2.1e-12	62.8	Escherichia coli O157:H7 str. EDL933
lcl|NC_002745.2_prot_WP_001045111.1_110	VFG044253(gb|WP_001045111)	100.0	100.0	100.0	0.0	663.0	Staphylococcus aureus subsp. aureus str. Newman
lcl|NC_002745.2_prot_WP_001045135.1_1783	VFG022956(gb|WP_013829907)	97.1	95.77	34.634	2.61e-39	134.0	Mycobacterium sp. JDM601
lcl|NC_002745.2_prot_WP_001046645.1_2394	VFG047521(gb|WP_013923077)	92.54	100.0	31.132	9.3e-42	147.0	Francisella sp. TX077308
lcl|NC_002745.2_prot_WP_001047069.1_885	VFG044083(gb|NP_250948)	99.31	94.23	16.667	2.72e-08	53.9	Pseudomonas aeruginosa PAO1
lcl|NC_002745.2_prot_WP_001048266.1_2118	VFG043587(gb|WP_001050554)	79.32	93.28	32.49	0.0	709.0	Staphylococcus aureus subsp. aureus COL
lcl|NC_002745.2_prot_WP_001049165.1_763	VFG000077(gb|NP_465991)	99.49	97.98	77.835	3.56e-113	320.0	Listeria monocytogenes EGD-e
lcl|NC_002745.2_prot_WP_001050566.1_1689	VFG043587(gb|WP_001050554)	100.0	100.0	96.935	0.0	4196.0	Staphylococcus aureus subsp. aureus COL
lcl|NC_002745.2_prot_WP_001051420.1_2527	VFG031332(gb|WP_005063718)	86.85	78.98	27.092	2.77e-75	263.0	Mycobacterium abscessus subsp. bolletii str. GO 06
lcl|NC_002745.2_prot_WP_001052571.1_2140	VFG044277(gb|WP_001052566)	100.0	100.0	99.392	0.0	1357.0	Staphylococcus aureus subsp. aureus str. Newman
lcl|NC_002745.2_prot_WP_001056195.1_783	VFG004641(gb|WP_001056195)	100.0	100.0	100.0	0.0	1818.0	Staphylococcus aureus subsp. aureus N315
lcl|NC_002745.2_prot_WP_001056483.1_403	VFG004953(gb|WP_001056483)	100.0	100.0	100.0	0.0	723.0	Staphylococcus aureus subsp. aureus N315
lcl|NC_002745.2_prot_WP_001058587.1_1558	VFG027322(gb|WP_015306641)	97.26	91.43	41.168	0.0	615.0	Mycobacterium smegmatis JS623
lcl|NC_002745.2_prot_WP_001058993.1_2523	VFG000080(gb|NP_464522)	92.72	90.33	46.073	0.0	592.0	Listeria monocytogenes EGD-e
lcl|NC_002745.2_prot_WP_001060462.1_550	VFG004604(gb|WP_001060462)	100.0	100.0	100.0	0.0	1860.0	Staphylococcus aureus subsp. aureus N315
lcl|NC_002745.2_prot_WP_001060935.1_330	VFG014133(gb|WP_012075037)	99.12	98.74	24.576	9.47e-15	73.9	Pseudomonas aeruginosa PA7
lcl|NC_002745.2_prot_WP_001061264.1_649	VFG006825(gb|WP_011702537)	95.38	97.98	30.836	1.15e-36	135.0	Listeria welshimeri serovar 6b str. SLCC5334
lcl|NC_002745.2_prot_WP_001063553.1_1080	VFG004962(gb|WP_000778504)	84.65	89.87	30.0	4.76e-11	60.5	Staphylococcus aureus subsp. aureus MRSA252
lcl|NC_002745.2_prot_WP_001064825.1_2399	VFG000365(gb|WP_002214412)	87.39	89.65	32.054	1.53e-100	316.0	Yersinia pestis CO92
lcl|NC_002745.2_prot_WP_001066548.1_275	VFG036972(gb|WP_042508130)	82.53	74.41	23.698	1.02e-20	94.7	Neisseria lactamica 020-06
lcl|NC_002745.2_prot_WP_001067052.1_901	VFG013732(gb|WP_006769637)	67.38	77.21	28.959	1.85e-27	108.0	Corynebacterium efficiens YS-314
lcl|NC_002745.2_prot_WP_001071606.1_286	VFG002407(gb|WP_001071606)	100.0	100.0	100.0	4.59e-53	159.0	Staphylococcus aureus subsp. aureus MW2
lcl|NC_002745.2_prot_WP_001074534.1_964	VFG004485(gb|WP_001074534)	100.0	100.0	100.0	0.0	2519.0	Staphylococcus aureus subsp. aureus N315
lcl|NC_002745.2_prot_WP_001078461.1_112	VFG044255(gb|WP_001078456)	100.0	100.0	99.702	0.0	700.0	Staphylococcus aureus subsp. aureus str. Newman
lcl|NC_002745.2_prot_WP_001080809.1_636	VFG013731(gb|WP_005291888)	95.09	90.65	51.984	1.99e-97	286.0	Corynebacterium jeikeium K411
lcl|NC_002745.2_prot_WP_001081351.1_947	VFG044273(gb|WP_001214661)	96.87	96.64	48.734	4.42e-98	292.0	Staphylococcus aureus subsp. aureus str. Newman
lcl|NC_002745.2_prot_WP_001084442.1_180	VFG044201(gb|WP_011267793)	95.18	90.39	32.471	3.94e-57	193.0	Pseudomonas syringae pv. syringae B728a
lcl|NC_002745.2_prot_WP_001089094.1_958	VFG004722(gb|WP_001089094)	100.0	100.0	100.0	0.0	811.0	Staphylococcus aureus subsp. aureus N315
lcl|NC_002745.2_prot_WP_001095260.1_1480	VFG000478(gb|NP_459678)	89.71	84.0	30.469	5.07e-10	54.3	Salmonella enterica subsp. enterica serovar Typhimurium str. LT2
lcl|NC_002745.2_prot_WP_001096633.1_1442	VFG016507(gb|WP_011949275)	98.17	97.87	45.82	3.76e-94	282.0	Mycoplasma agalactiae PG2
lcl|NC_002745.2_prot_WP_001100526.1_892	VFG053941(gb|WP_014298531.1)	99.36	99.7	27.515	1.14e-43	152.0	Bacteroides fragilis 638R
lcl|NC_002745.2_prot_WP_001100835.1_563	VFG030387(gb|WP_015304695)	98.91	97.28	21.26	8.84e-28	115.0	Mycobacterium smegmatis JS623
lcl|NC_002745.2_prot_WP_001101602.1_628	VFG002188(gb|WP_002362618)	67.3	70.69	23.592	1.15e-11	65.5	Enterococcus faecalis V583
lcl|NC_002745.2_prot_WP_001103231.1_626	VFG049041(gb|WP_002912371)	89.02	98.37	41.736	3.26e-64	201.0	Klebsiella pneumoniae subsp. rhinoscleromatis SB3432
lcl|NC_002745.2_prot_WP_001106740.1_553	VFG038003(gb|YP_001083156)	55.92	83.02	25.448	6e-23	99.4	Acinetobacter baumannii ATCC 17978
lcl|NC_002745.2_prot_WP_001110061.1_2395	VFG047531(gb|WP_014548270)	96.24	98.83	28.702	1.79e-66	219.0	Francisella cf. tularensis subsp. novicida 3523
lcl|NC_002745.2_prot_WP_001121760.1_771	VFG005579(gb|WP_000022815)	100.0	100.0	81.422	0.0	713.0	Streptococcus pneumoniae D39
lcl|NC_002745.2_prot_WP_001126259.1_1118	VFG047713(gb|WP_014549144)	99.34	98.35	46.809	0.0	957.0	Francisella cf. novicida Fx1
lcl|NC_002745.2_prot_WP_001126606.1_1225	VFG026433(gb|YP_005360830)	97.98	98.88	42.212	3.55e-121	360.0	Mycobacterium tuberculosis RGTB327
lcl|NC_002745.2_prot_WP_001127960.1_2095	VFG016424(gb|WP_000276321)	99.36	98.41	43.73	5.65e-95	283.0	Bacillus thuringiensis str. Al Hakam
lcl|NC_002745.2_prot_WP_001141007.1_2125	VFG044351(gb|WP_033111749)	82.92	82.78	27.114	2.02e-46	167.0	Dickeya dadantii 3937
lcl|NC_002745.2_prot_WP_001155278.1_2274	VFG017489(gb|WP_011895330)	91.36	94.87	22.357	8.66e-43	168.0	Mycobacterium gilvum PYR-GCK
lcl|NC_002745.2_prot_WP_001159430.1_2660	VFG004543(gb|WP_001159430)	100.0	100.0	100.0	0.0	848.0	Staphylococcus aureus subsp. aureus USA300_FPR3757
lcl|NC_002745.2_prot_WP_001166500.1_648	VFG006821(gb|WP_003729795)	98.66	98.67	47.297	4.26e-74	223.0	Listeria welshimeri serovar 6b str. SLCC5334
lcl|NC_002745.2_prot_WP_001170264.1_449	VFG043452(gb|WP_001170264)	100.0	100.0	100.0	0.0	671.0	Staphylococcus aureus subsp. aureus COL
lcl|NC_002745.2_prot_WP_001172341.1_2594	VFG030400(gb|WP_081465621)	89.29	92.9	28.717	8.34e-56	195.0	Mycobacterium sp. JDM601
lcl|NC_002745.2_prot_WP_001173201.1_2636	VFG016424(gb|WP_000276321)	99.04	98.41	48.387	2.75e-110	322.0	Bacillus thuringiensis str. Al Hakam
lcl|NC_002745.2_prot_WP_001179385.1_113	VFG044256(gb|WP_001179384)	100.0	100.0	99.829	0.0	1211.0	Staphylococcus aureus subsp. aureus str. Newman
lcl|NC_002745.2_prot_WP_001179886.1_115	VFG044258(gb|WP_001179888)	100.0	100.0	99.135	0.0	1196.0	Staphylococcus aureus subsp. aureus str. Newman
lcl|NC_002745.2_prot_WP_001186804.1_117	VFG044260(gb|WP_001186806)	100.0	100.0	99.612	0.0	523.0	Staphylococcus aureus subsp. aureus str. Newman
lcl|NC_002745.2_prot_WP_001188472.1_97	VFG044376(gb|AAL65283)	31.54	92.88	25.769	4.22e-06	48.9	Pseudomonas fluorescens ATCC 17400
lcl|NC_002745.2_prot_WP_001190120.1_1503	VFG045607(gb|WP_010948621)	87.2	86.07	28.959	9.78e-25	98.6	Legionella pneumophila subsp. pneumophila str. Philadelphia 1
lcl|NC_002745.2_prot_WP_001190841.1_2031	VFG009864(gb|WP_041787729)	95.24	96.51	32.889	4.09e-35	124.0	Mycobacterium gilvum PYR-GCK
lcl|NC_002745.2_prot_WP_001190913.1_1117	VFG047720(gb|WP_012280231)	96.45	96.65	45.213	1.18e-99	300.0	Francisella philomiragia subsp. philomiragia ATCC 25017
lcl|NC_002745.2_prot_WP_001200747.1_594	VFG030295(gb|WP_011742363)	99.7	98.44	26.702	3.11e-24	101.0	Mycobacterium ulcerans Agy99
lcl|NC_002745.2_prot_WP_001213908.1_1482	VFG048486(gb|WP_004223579)	88.89	87.88	33.333	2.76e-36	129.0	Klebsiella pneumoniae KCTC 2242
lcl|NC_002745.2_prot_WP_001214661.1_2135	VFG044273(gb|WP_001214661)	100.0	100.0	100.0	0.0	657.0	Staphylococcus aureus subsp. aureus str. Newman
lcl|NC_002745.2_prot_WP_001216898.1_152	VFG005041(gb|WP_001216898)	100.0	100.0	100.0	1.75e-153	423.0	Staphylococcus aureus subsp. aureus USA300_FPR3757
lcl|NC_002745.2_prot_WP_001217926.1_2396	VFG047455(gb|WP_012281079)	89.91	86.28	26.887	2.51e-11	61.2	Francisella philomiragia subsp. philomiragia ATCC 25017
lcl|NC_002745.2_prot_WP_001218596.1_1217	VFG015931(gb|WP_011334877)	58.17	81.38	21.867	5.8e-07	52.0	Pseudomonas fluorescens Pf0-1
lcl|NC_002745.2_prot_WP_001220199.1_1044	VFG001321(gb|WP_001220199)	100.0	100.0	100.0	0.0	597.0	Staphylococcus aureus subsp. aureus str. Newman
lcl|NC_002745.2_prot_WP_001221646.1_153	VFG005057(gb|WP_001221646)	100.0	100.0	100.0	0.0	743.0	Staphylococcus aureus subsp. aureus Mu50
lcl|NC_002745.2_prot_WP_001223713.1_118	VFG044261(gb|WP_001223700)	100.0	100.0	98.25	0.0	823.0	Staphylococcus aureus subsp. aureus str. Newman
lcl|NC_002745.2_prot_WP_001224793.1_757	VFG005951(gb|WP_148148905)	51.55	82.14	37.234	1.83e-08	49.7	Streptococcus thermophilus LMG 18311
lcl|NC_002745.2_prot_WP_001225022.1_2631	VFG001314(gb|WP_001225025)	100.0	100.0	99.804	0.0	1038.0	Staphylococcus aureus subsp. aureus MW2
lcl|NC_002745.2_prot_WP_001228167.1_2510	VFG030255(gb|YP_005924211)	85.09	84.42	26.148	2.38e-15	75.1	Mycobacterium tuberculosis RGTB423
lcl|NC_002745.2_prot_WP_001229087.1_2438	VFG006785(gb|WP_011702965)	75.56	74.06	23.516	6.18e-07	52.0	Listeria welshimeri serovar 6b str. SLCC5334
lcl|NC_002745.2_prot_WP_001229920.1_2325	VFG035924(gb|WP_000593973)	90.05	95.19	33.171	1.42e-28	106.0	Escherichia coli O78:H11:K80 str. H10407
lcl|NC_002745.2_prot_WP_001230232.1_1596	VFG013198(gb|WP_011608203)	97.73	97.2	42.038	5.84e-79	243.0	Haemophilus somnus 2336
lcl|NC_002745.2_prot_WP_001230679.1_158	VFG005112(gb|WP_001230679)	100.0	100.0	100.0	0.0	613.0	Staphylococcus aureus subsp. aureus Mu50
lcl|NC_002745.2_prot_WP_001236362.1_1759	VFG004982(gb|WP_001236362)	100.0	100.0	100.0	0.0	501.0	Staphylococcus aureus subsp. aureus N315
lcl|NC_002745.2_prot_WP_001240826.1_283	VFG002405(gb|WP_001240826)	100.0	100.0	100.0	6.51e-66	193.0	Staphylococcus aureus subsp. aureus MW2
lcl|NC_002745.2_prot_WP_001242427.1_1046	VFG044269(gb|WP_001242429)	100.0	100.0	99.59	0.0	498.0	Staphylococcus aureus subsp. aureus str. Newman
lcl|NC_002745.2_prot_WP_001245577.1_727	VFG007252(gb|WP_005482136)	99.06	99.37	41.587	7.19e-77	238.0	Vibrio parahaemolyticus RIMD 2210633
lcl|NC_002745.2_prot_WP_001246008.1_350	VFG045470(gb|AAM75247)	86.57	87.88	43.103	2.3e-10	50.4	Enterococcus faecalis str. MMH594
lcl|NC_002745.2_prot_WP_001246685.1_1043	VFG044266(gb|WP_001246698)	100.0	100.0	99.721	0.0	710.0	Staphylococcus aureus subsp. aureus str. Newman
lcl|NC_002745.2_prot_WP_001252543.1_486	VFG047258(gb|WP_014547756)	100.0	98.46	40.929	2.36e-109	330.0	Francisella cf. tularensis subsp. novicida 3523
lcl|NC_002745.2_prot_WP_001270822.1_1238	VFG037209(gb|WP_000079185)	64.5	73.38	21.25	1.89e-12	69.3	Acinetobacter baumannii D1279779
lcl|NC_002745.2_prot_WP_001270865.1_1593	VFG013203(gb|WP_012341659)	98.83	98.38	56.0	1.96e-168	479.0	Haemophilus somnus 2336
lcl|NC_002745.2_prot_WP_001273060.1_627	VFG002180(gb|WP_002362627)	100.0	100.0	28.044	7.13e-43	147.0	Enterococcus faecalis V583
lcl|NC_002745.2_prot_WP_001279338.1_1657	VFG005533(gb|WP_002262650)	89.86	97.51	39.055	5.24e-75	239.0	Streptococcus mutans UA159
lcl|NC_002745.2_prot_WP_001283057.1_1487	VFG026980(gb|YP_005923858)	73.91	93.52	62.046	3.99e-132	380.0	Mycobacterium tuberculosis RGTB423
lcl|NC_002745.2_prot_WP_001291020.1_156	VFG005090(gb|WP_001291020)	100.0	100.0	100.0	0.0	831.0	Staphylococcus aureus subsp. aureus Mu50
lcl|NC_002745.2_prot_WP_001557458.1_1881	VFG004565(gb|WP_001557458)	100.0	100.0	100.0	0.0	936.0	Staphylococcus aureus subsp. aureus Mu50
lcl|NC_002745.2_prot_WP_001557544.1_1584	VFG042510(gb|AAO73844)	24.44	73.37	28.205	2.07e-06	48.9	Escherichia coli O20:K27:H- ARG-2
lcl|NC_002745.2_prot_WP_001557544.1_2105	VFG042510(gb|AAO73844)	24.44	73.37	28.205	2.07e-06	48.9	Escherichia coli O20:K27:H- ARG-2
lcl|NC_002745.2_prot_WP_001557544.1_2579	VFG042510(gb|AAO73844)	24.44	73.37	28.205	2.07e-06	48.9	Escherichia coli O20:K27:H- ARG-2
lcl|NC_002745.2_prot_WP_001557544.1_51	VFG042510(gb|AAO73844)	24.44	73.37	28.205	2.07e-06	48.9	Escherichia coli O20:K27:H- ARG-2
lcl|NC_002745.2_prot_WP_001557544.1_807	VFG042510(gb|AAO73844)	24.44	73.37	28.205	2.07e-06	48.9	Escherichia coli O20:K27:H- ARG-2
lcl|NC_002745.2_prot_WP_001558608.1_1948	VFG019124(gb|WP_000573793)	80.12	78.76	28.214	7.81e-21	91.3	Streptococcus pneumoniae CGSP14
lcl|NC_002745.2_prot_WP_001793242.1_123	VFG047144(gb|WP_010030803)	91.41	92.88	39.016	3.99e-62	200.0	Francisella tularensis subsp. holarctica FTNF002-00
lcl|NC_002745.2_prot_WP_001795272.1_930	VFG005533(gb|WP_002262650)	47.42	95.77	37.688	2.33e-63	217.0	Streptococcus mutans UA159
lcl|NC_002745.2_prot_WP_001795344.1_116	VFG044259(gb|WP_001795559)	100.0	100.0	99.026	0.0	1265.0	Staphylococcus aureus subsp. aureus str. Newman
lcl|NC_002745.2_prot_WP_001797427.1_2352	VFG023892(gb|WP_013470893)	73.94	77.18	37.391	1.09e-16	71.6	Mycobacterium gilvum Spyr1
lcl|NC_002745.2_prot_WP_001805237.1_517	VFG016409(gb|WP_001103738)	62.33	91.1	42.963	5.71e-25	95.5	Bacillus thuringiensis serovar konkukian str. 97-27
lcl|NC_002745.2_prot_WP_001835549.1_2463	VFG013328(gb|WP_011272203)	85.71	89.76	32.692	5.95e-80	262.0	Haemophilus influenzae 86-028NP
lcl|NC_002745.2_prot_WP_010922824.1_600	VFG044076(gb|YP_002344984)	93.35	87.2	32.203	8.74e-36	131.0	Campylobacter jejuni subsp. jejuni NCTC 11168
lcl|NC_002745.2_prot_WP_010922839.1_1763	VFG004978(gb|WP_010922839)	100.0	100.0	100.0	0.0	530.0	Staphylococcus aureus subsp. aureus N315
lcl|NC_002745.2_prot_WP_015445861.1_1619	VFG031679(gb|WP_011558086)	61.66	84.95	30.172	1.8e-43	159.0	Mycobacterium sp. KMS
lcl|NC_002745.2_prot_WP_064135358.1_1929	VFG050269(gb|NP_220257)	87.8	72.14	26.238	2.13e-09	55.5	Chlamydia trachomatis D/UW-3/CX
lcl|NC_002745.2_prot_WP_223197981.1_953	VFG016150(gb|WP_011061768)	94.77	89.66	28.14	9.67e-60	202.0	Pseudomonas fluorescens Pf-5
