Entry	Length	Protein names
P00509	396	Aspartate aminotransferase (AspAT) (EC 2.6.1.1) (Transaminase A)
P00803	324	Signal peptidase I (SPase I) (EC 3.4.21.89) (Leader peptidase I)
P00804	164	Lipoprotein signal peptidase (EC 3.4.23.36) (Prolipoprotein signal peptidase) (Signal peptidase II) (SPase II)
P00861	420	Diaminopimelate decarboxylase (DAP decarboxylase) (DAPDC) (EC 4.1.1.20)
P00946	391	Mannose-6-phosphate isomerase (EC 5.3.1.8) (Phosphohexomutase) (Phosphomannose isomerase) (PMI)
P00968	1073	Carbamoyl phosphate synthase large chain (EC 6.3.4.16) (EC 6.3.5.5) (Carbamoyl phosphate synthetase ammonia chain)
P02359	179	Small ribosomal subunit protein uS7 (30S ribosomal protein S7)
P02916	514	Maltose/maltodextrin transport system permease protein MalF
P02925	296	Ribose import binding protein RbsB
P02929	239	Protein TonB
P03023	360	Lactose operon repressor
P03959	557	Potassium-transporting ATPase potassium-binding subunit (ATP phosphohydrolase [potassium-transporting] A chain) (Potassium-binding and translocating subunit A) (Potassium-translocating ATPase A chain)
P04395	282	DNA-3-methyladenine glycosylase 2 (EC 3.2.2.21) (3-methyladenine-DNA glycosylase II, inducible) (TAG II) (DNA-3-methyladenine glycosidase II) (DNA-3-methyladenine glycosylase II)
P04805	471	Glutamate--tRNA ligase (EC 6.1.1.17) (Glutamyl-tRNA synthetase) (GluRS)
P04982	139	D-ribose pyranase (EC 5.4.99.62)
P04993	608	RecBCD enzyme subunit RecD (EC 5.6.2.3) (DNA 5'-3' helicase subunit RecB) (Exodeoxyribonuclease V 67 kDa polypeptide) (Exodeoxyribonuclease V alpha chain) (Exonuclease V subunit RecD) (ExoV subunit RecD) (Helicase/nuclease RecBCD subunit RecD)
P05041	453	Aminodeoxychorismate synthase component 1 (ADC synthase) (ADCS) (EC 2.6.1.85) (4-amino-4-deoxychorismate synthase component 1)
P05804	603	Beta-glucuronidase (GUS) (EC 3.2.1.31) (Beta-D-glucuronoside glucuronosohydrolase) (EcGUS) (UID)
P05824	553	DNA repair protein RecN (Recombination protein N)
P05825	746	Ferrienterobactin receptor (Enterobactin outer-membrane receptor)
P06134	354	Bifunctional transcriptional activator/DNA repair enzyme Ada (Regulatory protein of adaptive response) [Includes: Methylphosphotriester-DNA--protein-cysteine S-methyltransferase (EC 2.1.1.n11) (Methylphosphotriester-DNA methyltransferase); Methylated-DNA--protein-cysteine methyltransferase (EC 2.1.1.63) (O6-methylguanine-DNA alkyltransferase)]
P06616	301	GTPase Era (ERA) (GTP-binding protein Era)
P06960	334	Ornithine carbamoyltransferase subunit F (OTCase-2) (EC 2.1.3.3)
P06961	412	Multifunctional CCA protein [Includes: CCA-adding enzyme (EC 2.7.7.72) (CCA tRNA nucleotidyltransferase) (tRNA CCA-pyrophosphorylase) (tRNA adenylyl-/cytidylyl-transferase) (tRNA nucleotidyltransferase) (tRNA-NT); 2'-nucleotidase (EC 3.1.3.-); 2',3'-cyclic phosphodiesterase (EC 3.1.4.-); Phosphatase (EC 3.1.3.-)]
P06968	152	Deoxyuridine 5'-triphosphate nucleotidohydrolase (dUTPase) (EC 3.6.1.23) (dUTP pyrophosphatase)
P07013	104	Replication restart protein PriB (Primosomal replication protein n)
P07014	238	Succinate dehydrogenase iron-sulfur subunit (EC 1.3.5.1)
P07658	715	Formate dehydrogenase H (EC 1.17.98.4) (Formate dehydrogenase-H subunit alpha) (FDH-H) (Formate-hydrogen-lyase-linked, selenocysteine-containing polypeptide)
P07913	341	L-threonine 3-dehydrogenase (TDH) (EC 1.1.1.103) (L-threonine dehydrogenase)
P08191	300	Type 1 fimbrin D-mannose specific adhesin (Protein FimH)
P08839	575	Phosphoenolpyruvate-protein phosphotransferase (EC 2.7.3.9) (Phosphotransferase system, enzyme I)
P09148	348	Galactose-1-phosphate uridylyltransferase (Gal-1-P uridylyltransferase) (EC 2.7.7.12) (UDP-glucose--hexose-1-phosphate uridylyltransferase)
P09546	1320	Bifunctional protein PutA [Includes: Proline dehydrogenase (EC 1.5.5.2) (Proline oxidase); Delta-1-pyrroline-5-carboxylate dehydrogenase (P5C dehydrogenase) (EC 1.2.1.88) (L-glutamate gamma-semialdehyde dehydrogenase)]
P09831	1486	Glutamate synthase [NADPH] large chain (EC 1.4.1.13) (Glutamate synthase subunit alpha) (GLTS alpha chain) (NADPH-GOGAT)
P09980	673	ATP-dependent DNA helicase Rep (EC 5.6.2.4) (DNA 3'-5' helicase Rep)
P0A698	940	UvrABC system protein A (UvrA protein) (Excinuclease ABC subunit A)
P0A6A0	546	Probable protein kinase UbiB (EC 2.7.-.-) (Ubiquinone biosynthesis protein UbiB)
P0A6A3	400	Acetate kinase (EC 2.7.2.1) (Acetokinase)
P0A6B7	404	Cysteine desulfurase IscS (EC 2.8.1.7) (NifS protein homolog) (ThiI transpersulfidase) (TusA transpersulfidase)
P0A6D0	156	Arginine repressor
P0A6G7	207	ATP-dependent Clp protease proteolytic subunit (EC 3.4.21.92) (Caseinolytic protease) (Endopeptidase Clp) (Heat shock protein F21.5) (Protease Ti)
P0A6L0	259	Deoxyribose-phosphate aldolase (DERA) (EC 4.1.2.4) (2-deoxy-D-ribose 5-phosphate aldolase) (Phosphodeoxyriboaldolase) (Deoxyriboaldolase)
P0A6M4	145	D-aminoacyl-tRNA deacylase (DTD) (EC 3.1.1.96) (D-tyrosyl RNA deacylase) (D-tyrosyl-tRNA(Tyr) deacylase) (Gly-tRNA(Ala) deacylase) (Gly-tRNA(Gly) deacylase)
P0A6Q6	151	3-hydroxyacyl-[acyl-carrier-protein] dehydratase FabZ (EC 4.2.1.59) ((3R)-hydroxymyristoyl-[acyl-carrier-protein] dehydratase) ((3R)-hydroxymyristoyl-ACP dehydrase) (17 kDa actomyosin component) (Beta-hydroxyacyl-ACP dehydratase)
P0A6U3	629	tRNA uridine 5-carboxymethylaminomethyl modification enzyme MnmG (Glucose-inhibited division protein A)
P0A6Y8	638	Chaperone protein DnaK (HSP70) (Heat shock 70 kDa protein) (Heat shock protein 70)
P0A6Z6	133	Nickel-responsive regulator
P0A710	179	Inner membrane-spanning protein YciB
P0A712	327	2-keto-3-deoxygluconate permease (KDG permease) (3-deoxy-2-oxo-D-gluconate-transport system)
P0A729	194	7-methyl-GTP pyrophosphatase (m(7)GTP pyrophosphatase) (EC 3.6.1.-)
P0A790	126	Aspartate 1-decarboxylase (EC 4.1.1.11) (Aspartate alpha-decarboxylase) [Cleaved into: Aspartate 1-decarboxylase beta chain; Aspartate 1-decarboxylase alpha chain]
P0A799	387	Phosphoglycerate kinase (EC 2.7.2.3)
P0A7B3	292	NAD kinase (EC 2.7.1.23) (ATP-dependent NAD kinase)
P0A7D1	194	Peptidyl-tRNA hydrolase (Pth) (EC 3.1.1.29) [Cleaved into: Peptidyl-tRNA hydrolase, N-terminally processed]
P0A7E1	336	Dihydroorotate dehydrogenase (quinone) (EC 1.3.5.2) (DHOdehase) (DHOD) (DHODase) (Dihydroorotate oxidase)
P0A7F9	356	S-adenosylmethionine:tRNA ribosyltransferase-isomerase (EC 2.4.99.17) (Queuosine biosynthesis protein QueA)
P0A7G2	133	30S ribosome-binding factor (Protein P15B) (Ribosome-binding factor A) (RbfA)
P0A7K2	121	Large ribosomal subunit protein bL12 (50S ribosomal protein L7/L12) (L8)
P0A7N4	57	Large ribosomal subunit protein bL32 (50S ribosomal protein L32)
P0A7R1	149	Large ribosomal subunit protein bL9 (50S ribosomal protein L9)
P0A7R9	129	Small ribosomal subunit protein uS11 (30S ribosomal protein S11)
P0A7S3	124	Small ribosomal subunit protein uS12 (30S ribosomal protein S12)
P0A7T7	75	Small ribosomal subunit protein bS18 (30S ribosomal protein S18)
P0A7V3	233	Small ribosomal subunit protein uS3 (30S ribosomal protein S3)
P0A7X6	182	Ribosome maturation factor RimM (21K)
P0A7Z0	219	Ribose-5-phosphate isomerase A (EC 5.3.1.6) (Phosphoriboisomerase A) (PRI)
P0A7Z4	329	DNA-directed RNA polymerase subunit alpha (RNAP subunit alpha) (EC 2.7.7.6) (RNA polymerase subunit alpha) (Transcriptase subunit alpha)
P0A832	160	SsrA-binding protein (Small protein B)
P0A879	397	Tryptophan synthase beta chain (EC 4.2.1.20)
P0A884	264	Thymidylate synthase (TS) (TSase) (EC 2.1.1.45)
P0A894	284	RNase adapter protein RapZ
P0A8G6	198	NAD(P)H dehydrogenase (quinone) (EC 1.6.5.2) (Flavoprotein WrbA) (NAD(P)H:quinone oxidoreductase) (NQO)
P0A8H6	169	Der GTPase-activating protein YihI (GAP)
P0A8I5	239	tRNA (guanine-N(7)-)-methyltransferase (EC 2.1.1.33) (tRNA (guanine(46)-N(7))-methyltransferase) (tRNA(m7G46)-methyltransferase)
P0A8M3	642	Threonine--tRNA ligase (EC 6.1.1.3) (Threonyl-tRNA synthetase) (ThrRS)
P0A8M6	109	Pole-localizer protein TmaR (PTS system regulator TmaR) (Targeting of sugar metabolism-associated regulator)
P0A8N7	325	Elongation factor P--(R)-beta-lysine ligase (EF-P--(R)-beta-lysine ligase) (EC 6.3.2.-) (EF-P post-translational modification enzyme A) (EF-P-lysine lysyltransferase) (GX)
P0A8Q0	131	Fumarate reductase subunit C (Fumarate reductase 15 kDa hydrophobic protein) (Quinol-fumarate reductase subunit C) (QFR subunit C)
P0A8S9	116	Flagellar transcriptional regulator FlhD
P0A8W0	263	HTH-type transcriptional repressor NanR
P0A8Y1	225	Pyrimidine 5'-nucleotidase YjjG (EC 3.1.3.5) (House-cleaning nucleotidase) (Non-canonical pyrimidine nucleotide phosphatase) (Nucleoside 5'-monophosphate phosphohydrolase) (dUMP phosphatase)
P0A8Y3	199	Alpha-D-glucose 1-phosphate phosphatase YihX (Alpha-D-glucose-1-P phosphatase) (EC 3.1.3.10) (Alpha-D-glucose-1-phosphatase) (Haloacid dehalogenase-like phosphatase 4) (HAD4)
P0A912	173	Peptidoglycan-associated lipoprotein (PAL) (Tol-Pal system lipoprotein Pal)
P0A948	194	[Ribosomal protein uS5]-alanine N-acetyltransferase (EC 2.3.1.267) (Acetylating enzyme for N-terminal of ribosomal protein S5)
P0A993	332	Fructose-1,6-bisphosphatase class 1 (FBPase class 1) (EC 3.1.3.11) (D-fructose-1,6-bisphosphate 1-phosphohydrolase class 1)
P0A998	165	Bacterial non-heme ferritin (EC 1.16.3.2) (Ferritin-1)
P0A9C0	542	Anaerobic glycerol-3-phosphate dehydrogenase subunit A (G-3-P dehydrogenase) (EC 1.1.5.3)
P0A9D2	201	Glutathione S-transferase GstA (EC 2.5.1.18) (GST B1-1)
P0A9G6	434	Isocitrate lyase (ICL) (EC 4.1.3.1) (Isocitrase) (Isocitratase)
P0A9G8	262	DNA-binding transcriptional dual regulator ModE
P0A9H3	715	Inducible lysine decarboxylase (LDCI) (EC 4.1.1.18)
P0A9J8	386	Bifunctional chorismate mutase/prephenate dehydratase (Chorismate mutase-prephenate dehydratase) (P-protein) [Includes: Chorismate mutase (CM) (EC 5.4.99.5); Prephenate dehydratase (PDT) (EC 4.2.1.51)]
P0A9K7	241	Phosphate-specific transport system accessory protein PhoU (Pst system accessory protein PhoU) (Negative regulator of Pho regulon)
P0A9K9	196	FKBP-type peptidyl-prolyl cis-trans isomerase SlyD (PPIase) (EC 5.2.1.8) (Histidine-rich protein) (Metallochaperone SlyD) (Rotamase) (Sensitivity to lysis protein D) (WHP)
P0A9M0	784	Lon protease (EC 3.4.21.53) (ATP-dependent protease La)
P0A9M8	714	Phosphate acetyltransferase (EC 2.3.1.8) (Phosphotransacetylase)
P0A9N8	154	Anaerobic ribonucleoside-triphosphate reductase-activating protein (EC 1.97.1.-) (Class III anaerobic ribonucleotide reductase small component)
P0A9Q5	304	Acetyl-coenzyme A carboxylase carboxyl transferase subunit beta (ACCase subunit beta) (Acetyl-CoA carboxylase carboxyltransferase subunit beta) (EC 2.1.3.15)
P0A9Q7	891	Bifunctional aldehyde-alcohol dehydrogenase AdhE (Alcohol dehydrogenase E) [Includes: Acetaldehyde dehydrogenase [acetylating] (ACDH) (EC 1.2.1.10); Alcohol dehydrogenase (ADH) (EC 1.1.1.1)]
P0A9Q9	367	Aspartate-semialdehyde dehydrogenase (ASA dehydrogenase) (ASADH) (EC 1.2.1.11) (Aspartate-beta-semialdehyde dehydrogenase)
P0A9S1	382	Lactaldehyde reductase (EC 1.1.1.77) (Propanediol oxidoreductase)
P0A9W3	555	Energy-dependent translational throttle protein EttA (EC 3.6.1.-) (Translational regulatory factor EttA)
P0A9X9	70	Cold shock protein CspA (CSP-A) (7.4 kDa cold shock protein) (CS7.4)
P0AA10	142	Large ribosomal subunit protein uL13 (50S ribosomal protein L13)
P0AA16	239	DNA-binding dual transcriptional regulator OmpR (Transcriptional regulatory protein OmpR)
P0AA25	109	Thioredoxin 1 (Trx-1)
P0AA78	432	Hexuronate transporter (Aldohexuronate transport system)
P0AA93	565	Sensor histidine kinase YpdA (EC 2.7.13.3)
P0AA99	246	Peptidoglycan meso-diaminopimelic acid protein amidase A (EC 3.4.-.-) (Carboxypeptidase) (Murein L,D-endopeptidase) (Transpeptidase-like protein DpaA)
P0AAD6	429	Serine transporter SdaC (H(+)/L-serine symporter) (L-serine transport system)
P0AAD8	443	Threonine/serine transporter TdcC (H(+)/threonine-serine symporter)
P0AAH0	257	Phosphate import ATP-binding protein PstB (EC 7.3.2.1) (ABC phosphate transporter) (Phosphate-transporting ATPase)
P0AAJ3	294	Formate dehydrogenase, nitrate-inducible, iron-sulfur subunit (Anaerobic formate dehydrogenase iron-sulfur subunit) (Formate dehydrogenase-N subunit beta) (FDH-N subunit beta)
P0AAM3	90	Hydrogenase maturation factor HypC (Chaperone-type protein HypC) (Hydrogenase accessory chaperone HypC)
P0ABA6	287	ATP synthase gamma chain (ATP synthase F1 sector gamma subunit) (F-ATPase gamma subunit)
P0ABC7	419	Modulator of FtsH protease HflK
P0ABD3	158	Bacterioferritin (BFR) (EC 1.16.3.1) (Cytochrome b-1) (Cytochrome b-557)
P0ABD8	156	Biotin carboxyl carrier protein of acetyl-CoA carboxylase (BCCP)
P0ABG4	414	Probable peptidoglycan glycosyltransferase FtsW (PGT) (EC 2.4.99.28) (Cell division protein FtsW) (Cell wall polymerase) (Lipid II flippase FtsW) (Peptidoglycan polymerase) (PG polymerase)
P0ABH0	420	Cell division protein FtsA
P0ABI4	316	Magnesium transport protein CorA
P0ABJ9	522	Cytochrome bd-I ubiquinol oxidase subunit 1 (EC 7.1.1.7) (Cytochrome bd-I oxidase subunit I) (Cytochrome d ubiquinol oxidase subunit I)
P0ABL3	149	Periplasmic nitrate reductase, electron transfer subunit (Diheme cytochrome c NapB)
P0ABS8	76	DNA polymerase III subunit theta (EC 2.7.7.7)
P0ABT2	167	DNA protection during starvation protein (EC 1.16.-.-)
P0ABU7	244	Biopolymer transport protein ExbB
P0ABU9	230	Tol-Pal system protein TolQ
P0AC16	122	Dihydroneopterin aldolase (DHNA) (EC 4.1.2.25) (7,8-dihydroneopterin 2'-epimerase) (7,8-dihydroneopterin aldolase) (7,8-dihydroneopterin epimerase) (EC 5.1.99.8) (Dihydroneopterin epimerase)
P0AC30	352	Cell division protein FtsX
P0AC53	491	Glucose-6-phosphate 1-dehydrogenase (G6PD) (EC 1.1.1.49) [Cleaved into: Extracellular death factor (EDF)]
P0AC69	115	Glutaredoxin 4 (Grx4) (Monothiol glutaredoxin)
P0AC78	367	Undecaprenyl-phosphate alpha-N-acetylglucosaminyl 1-phosphate transferase (EC 2.7.8.33) (UDP-GlcNAc:undecaprenyl-phosphate GlcNAc-1-phosphate transferase) (Undecaprenyl-phosphate GlcNAc-1-phosphate transferase)
P0AC81	135	Lactoylglutathione lyase (EC 4.4.1.5) (Aldoketomutase) (Glyoxalase I) (Glx I) (Ketone-aldehyde mutase) (Methylglyoxalase) (S-D-lactoylglutathione methylglyoxal lyase)
P0ACB0	471	Replicative DNA helicase DnaB (EC 5.6.2.3) (DNA 5'-3' helicase DnaB)
P0ACB2	324	Delta-aminolevulinic acid dehydratase (ALAD) (ALADH) (EC 4.2.1.24) (Porphobilinogen synthase)
P0ACB4	181	Protoporphyrinogen IX dehydrogenase [quinone] (EC 1.3.5.3) (Protoporphyrinogen IX dehydrogenase [menaquinone]) (Protoporphyrinogen IX dehydrogenase [ubiquinone]) (Protoporphyrinogen oxidase) (PPO)
P0ACC1	277	Release factor glutamine methyltransferase (RF MTase) (EC 2.1.1.297) (M.EcoKHemKP) (N5-glutamine methyltransferase PrmC) (Protein release factor methylation C) (Protein-(glutamine-N5) MTase PrmC) (Protein-glutamine N-methyltransferase PrmC)
P0ACG1	134	DNA-binding protein StpA (H-NS homolog StpA)
P0ACG8	133	Heat shock protein 15 (HSP15)
P0AD65	633	Peptidoglycan D,D-transpeptidase MrdA (EC 3.4.16.4) (Class B penicillin-binding protein 2) (Penicillin-binding protein 2) (PBP-2) (PBP2) (Transpeptidase PBP2) (TP PBP2)
P0AD68	588	Peptidoglycan D,D-transpeptidase FtsI (EC 3.4.16.4) (Essential cell division protein FtsI) (Murein transpeptidase) (Penicillin-binding protein 3) (PBP-3) (Peptidoglycan synthase FtsI)
P0ADL1	396	Purine ribonucleoside efflux pump NepI (Nucleoside efflux permease-inosine)
P0ADY1	623	Periplasmic chaperone PpiD (Periplasmic folding chaperone)
P0AE67	129	Chemotaxis protein CheY
P0AE72	82	Antitoxin MazE
P0AE82	457	Sensor histidine kinase CpxA (EC 2.7.13.3)
P0AEE5	332	D-galactose/methyl-galactoside binding periplasmic protein MglB (D-galactose-binding periplasmic protein) (GBP) (D-galactose/D-glucose-binding protein) (GGBP)
P0AEE8	278	DNA adenine methylase (EC 2.1.1.72) (DNA adenine methyltransferase) (Deoxyadenosyl-methyltransferase) (Orphan methyltransferase M.EcoKDam) (M.EcoKDam)
P0AEG1	300	Dipeptide transport system permease protein DppC
P0AEJ2	391	Isochorismate synthase EntC (EC 5.4.4.2) (Isochorismate mutase)
P0AEL0	211	Formate dehydrogenase, cytochrome b556(fdo) subunit (Aerobic formate dehydrogenase cytochrome b556 subunit) (FDH-Z subunit gamma) (Formate dehydrogenase-O subunit gamma)
P0AEN4	121	Cell division protein FtsL
P0AEN8	140	L-fucose mutarotase (EC 5.1.3.29) (D-ribose pyranase) (EC 5.4.99.62) (Fucose 1-epimerase) (Type-2 mutarotase)
P0AEP9	499	Glycolate oxidase subunit GlcD (EC 1.1.99.14) (Glycolate dehydrogenase subunit GlcD)
P0AER0	281	Glycerol uptake facilitator protein (Aquaglyceroporin) (Glycerol facilitator)
P0AES4	875	DNA gyrase subunit A (EC 5.6.2.2)
P0AES9	110	Acid stress chaperone HdeA (10K-S protein)
P0AET2	108	Acid stress chaperone HdeB (10K-L protein)
P0AF24	250	Ribonucleotide monophosphatase NagD (EC 3.1.3.5)
P0AF32	226	Respiratory nitrate reductase 2 gamma chain (EC 1.7.5.1)
P0AF52	449	Guanine/hypoxanthine permease GhxP
P0AF61	98	Endoribonuclease antitoxin GhoS (EC 3.1.-.-) (Antitoxin GhoS)
P0AFD1	166	NADH-quinone oxidoreductase subunit E (EC 7.1.1.-) (NADH dehydrogenase I subunit E) (NDH-1 subunit E) (NUO5)
P0AFE4	100	NADH-quinone oxidoreductase subunit K (EC 7.1.1.-) (NADH dehydrogenase I subunit K) (NDH-1 subunit K) (NUO11)
P0AFI0	564	Oxalyl-CoA decarboxylase (EC 4.1.1.8)
P0AFM2	330	Glycine betaine/proline betaine-binding periplasmic protein (GBBP)
P0AFY6	406	Peptide antibiotic transporter SbmA
P0AG07	225	Ribulose-phosphate 3-epimerase (EC 5.1.3.1) (Pentose-5-phosphate 3-epimerase) (PPE) (R5P3E)
P0AG16	505	Amidophosphoribosyltransferase (ATase) (EC 2.4.2.14) (Glutamine phosphoribosylpyrophosphate amidotransferase) (GPATase)
P0AG18	169	N5-carboxyaminoimidazole ribonucleotide mutase (N5-CAIR mutase) (EC 5.4.99.18) (5-(carboxyamino)imidazole ribonucleotide mutase)
P0AG30	419	Transcription termination factor Rho (EC 3.6.4.-) (ATP-dependent helicase Rho)
P0AG74	120	Crossover junction endodeoxyribonuclease RusA (EC 3.1.21.10) (Holliday junction nuclease RusA) (Holliday junction resolvase)
P0AG80	438	sn-glycerol-3-phosphate-binding periplasmic protein UgpB (Bile-responsive chaperone)
P0AG90	615	Protein translocase subunit SecD (Sec translocon accessory complex subunit SecD)
P0AG96	127	Protein translocase subunit SecE
P0AGA2	443	Protein translocase subunit SecY
P0AGB0	322	Phosphoserine phosphatase (PSP) (PSPase) (EC 3.1.3.3) (O-phosphoserine phosphohydrolase)
P0AGD1	173	Superoxide dismutase [Cu-Zn] (EC 1.15.1.1) (Bacteriocuprein)
P0AGE6	188	Quinone reductase (EC 1.6.5.2) (Chromate reductase) (CHRR) (EC 1.6.-.-) (NAD(P)H dehydrogenase (quinone))
P0AGF2	147	Sulfur acceptor protein CsdE
P0AGG0	325	Thiamine-monophosphate kinase (TMP kinase) (Thiamine-phosphate kinase) (EC 2.7.4.16)
P0C0R7	209	Ribosomal RNA large subunit methyltransferase E (EC 2.1.1.166) (23S rRNA Um2552 methyltransferase) (Cell division protein FtsJ) (rRNA (uridine-2'-O-)-methyltransferase)
P0C0S1	286	Small-conductance mechanosensitive channel
P0C7L2	401	3-oxoadipyl-CoA/3-oxo-5,6-dehydrosuberyl-CoA thiolase (EC 2.3.1.174) (EC 2.3.1.223)
P10378	536	Enterobactin synthase component E (EC 6.3.2.14) (2,3-dihydroxybenzoate-AMP ligase) (DHB-AMP ligase) (2,3-dihydroxybenzoate-AMP synthase) (EC 6.2.1.71) (Dihydroxybenzoic acid-activating enzyme) (Enterochelin synthase E)
P10902	540	L-aspartate oxidase (LASPO) (EC 1.4.3.16) (L-aspartate:fumarate oxidoreductase) (EC 1.5.99.-) (Quinolinate synthetase B)
P10906	281	sn-glycerol-3-phosphate transport system permease protein UgpE
P11349	512	Respiratory nitrate reductase 1 beta chain (EC 1.7.5.1) (Nitrate reductase A subunit beta) (Quinol-nitrate oxidoreductase subunit beta)
P11551	438	L-fucose-proton symporter (6-deoxy-L-galactose permease) (L-fucose permease) (L-fucose-H(+) symport protein)
P11667	211	Arginine exporter protein ArgO
P12008	361	Chorismate synthase (CS) (EC 4.2.3.5) (5-enolpyruvylshikimate-3-phosphate phospholyase) (EPSP phospholyase)
P12282	249	Molybdopterin-synthase adenylyltransferase (EC 2.7.7.80) (MoaD protein adenylase) (Molybdopterin-converting factor subunit 1 adenylase) (Sulfur carrier protein MoaD adenylyltransferase)
P12758	253	Uridine phosphorylase (UPase) (UrdPase) (EC 2.4.2.3)
P13000	225	ATP-dependent dethiobiotin synthetase BioD 1 (EC 6.3.3.3) (DTB synthetase 1) (DTBS 1) (Dethiobiotin synthase 1)
P13001	256	Pimeloyl-[acyl-carrier protein] methyl ester esterase (EC 3.1.1.85) (Biotin synthesis protein BioH) (Carboxylesterase BioH)
P13035	501	Aerobic glycerol-3-phosphate dehydrogenase (EC 1.1.5.3)
P13518	646	RNase E specificity factor CsrD (Regulator of CsrB and CsrC decay CsrD)
P14081	614	Selenocysteine-specific elongation factor (SelB translation factor)
P14176	354	Glycine betaine/proline betaine transport system permease protein ProW
P15640	429	Phosphoribosylamine--glycine ligase (EC 6.3.4.13) (GARS) (Glycinamide ribonucleotide synthetase) (Phosphoribosylglycinamide synthetase)
P15770	272	Shikimate dehydrogenase (NADP(+)) (SD) (SDH) (EC 1.1.1.25)
P16456	347	Selenide, water dikinase (EC 2.7.9.3) (Selenium donor protein) (Selenophosphate synthase)
P16686	194	Alpha-D-ribose 1-methylphosphonate 5-triphosphate synthase subunit PhnH (RPnTP synthase subunit PhnH) (EC 2.7.8.37)
P16869	729	Hydroxamate siderophore receptor FhuE (Ferric iron uptake protein) (Ferric-coprogen receptor FhuE) (Outer-membrane receptor for Fe(III)-coprogen, Fe(III)-ferrioxamine B and Fe(III)-rhodotrulic acid) (TonB-dependent transporter receptor FhuE) (TBDT receptor FhuE)
P17444	556	Oxygen-dependent choline dehydrogenase (CDH) (CHD) (EC 1.1.99.1) (Betaine aldehyde dehydrogenase) (BADH) (EC 1.2.1.8)
P17445	490	Betaine aldehyde dehydrogenase (BADH) (EC 1.2.1.8)
P17888	732	Replication restart protein PriA (ATP-dependent DNA helicase PriA) (EC 5.6.2.4) (DNA 3'-5' helicase PriA) (DNA replication initiation factor PriA) (Primosomal protein n') (Replication factor Y)
P18196	231	Septum site-determining protein MinC
P18335	406	Acetylornithine/succinyldiaminopimelate aminotransferase (ACOAT) (DapATase) (Succinyldiaminopimelate transferase) (EC 2.6.1.11) (EC 2.6.1.17)
P18776	205	Anaerobic dimethyl sulfoxide reductase chain B (DMSO reductase iron-sulfur subunit)
P21179	753	Catalase HPII (EC 1.11.1.6) (Hydroxyperoxidase II)
P21599	480	Pyruvate kinase II (EC 2.7.1.40) (PK-2)
P21829	272	Pyridoxal phosphate phosphatase YbhA (PLP phosphatase) (EC 3.1.3.74)
P22256	426	4-aminobutyrate aminotransferase GabT (EC 2.6.1.19) (5-aminovalerate transaminase) (EC 2.6.1.48) (GABA aminotransferase) (GABA-AT) (Gamma-amino-N-butyrate transaminase) (GABA transaminase) (Glutamate:succinic semialdehyde transaminase) (L-AIBAT)
P22259	540	Phosphoenolpyruvate carboxykinase (ATP) (PCK) (PEP carboxykinase) (PEPCK) (EC 4.1.1.49)
P22525	615	Probable L,D-transpeptidase YcbB (EC 2.-.-.-)
P23484	173	Ferric citrate uptake sigma factor FecI
P23538	792	Phosphoenolpyruvate synthase (PEP synthase) (EC 2.7.9.2) (Pyruvate, water dikinase)
P23721	362	Phosphoserine aminotransferase (EC 2.6.1.52) (Phosphohydroxythreonine aminotransferase) (PSAT)
P23837	486	Sensor protein PhoQ (EC 2.7.13.3) (EC 3.1.3.-) (Sensor histidine protein kinase/phosphatase PhoQ)
P23872	319	Acetyl esterase (EC 3.1.1.-) (EcE)
P23874	440	Serine/threonine-protein kinase toxin HipA (Ser/Thr-protein kinase HipA) (EC 2.7.11.1) (Toxin HipA)
P23886	573	Glutathione/L-cysteine transport system ATP-binding/permease protein CydC (EC 7.4.2.-)
P23894	293	Protease HtpX (EC 3.4.24.-) (Heat shock protein HtpX)
P24177	1037	Probable aminoglycoside efflux pump (Acriflavine resistance protein D)
P24192	373	Hydrogenase maturation factor HypD (Hydrogenase isoenzymes formation protein HypD)
P24203	318	Zinc chaperone YjiA (EC 3.6.5.-) (GTP-binding protein YjiA)
P24230	693	ATP-dependent DNA helicase RecG (EC 5.6.2.4) (DNA branch migration protein RecG) (Probable DNA 3'-5' helicase RecG)
P24554	460	DNA repair protein RadA (EC 3.6.4.-) (Branch migration protein RadA) (DNA repair protein Sms)
P25519	426	GTPase HflX (GTP-binding protein HflX)
P25718	676	Periplasmic alpha-amylase (EC 3.2.1.1) (1,4-alpha-D-glucan glucanohydrolase)
P26458	378	Cytochrome bd-II ubiquinol oxidase subunit 2 (EC 7.1.1.3) (Cytochrome bd-II oxidase subunit II)
P26459	514	Cytochrome bd-II ubiquinol oxidase subunit 1 (EC 7.1.1.3) (Cytochrome bd-II oxidase subunit I)
P27249	890	Bifunctional uridylyltransferase/uridylyl-removing enzyme (UTase/UR) (Bifunctional [protein-PII] modification enzyme) (Bifunctional nitrogen sensor protein) [Includes: [Protein-PII] uridylyltransferase (PII uridylyltransferase) (UTase) (EC 2.7.7.59); [Protein-PII]-UMP uridylyl-removing enzyme (UR) (EC 3.1.4.-)]
P27250	339	Aldehyde reductase Ahr (EC 1.1.1.2) (Zinc-dependent alcohol dehydrogenase Ahr)
P27550	652	Acetyl-coenzyme A synthetase (AcCoA synthetase) (Acs) (EC 6.2.1.1) (Acetate--CoA ligase) (Acyl-activating enzyme)
P27829	420	UDP-N-acetyl-D-mannosamine dehydrogenase (EC 1.1.1.336) (UDP-ManNAc 6-dehydrogenase)
P27833	376	dTDP-4-amino-4,6-dideoxygalactose transaminase (EC 2.6.1.59)
P27838	106	Iron-sulfur cluster assembly protein CyaY (Bacterial frataxin ortholog)
P27848	266	Phosphosugar phosphatase YigL (EC 3.1.3.23) (Pyridoxal phosphate/pyridoxine phosphate phosphatase YigL) (PLP/PNP phosphatase YigL) (EC 3.1.3.74)
P28305	269	Aminodeoxychorismate lyase (EC 4.1.3.38) (4-amino-4-deoxychorismate lyase) (ADC lyase) (ADCL)
P28306	340	Endolytic murein transglycosylase (EC 4.2.2.29) (Peptidoglycan lytic transglycosylase) (Peptidoglycan polymerization terminase)
P28630	343	DNA polymerase III subunit delta (EC 2.7.7.7)
P28631	334	DNA polymerase III subunit delta' (EC 2.7.7.7)
P28903	712	Anaerobic ribonucleoside-triphosphate reductase (EC 1.1.98.6) (Class III ribonucleoside-triphosphate reductase)
P28905	147	DNA polymerase III subunit chi (EC 2.7.7.7) (Accessory clamp loader complex subunit chi) (Replication clamp loader subunit HolC)
P30011	297	Nicotinate-nucleotide pyrophosphorylase [carboxylating] (EC 2.4.2.19) (Quinolinate phosphoribosyltransferase [decarboxylating]) (QAPRTase)
P30125	363	3-isopropylmalate dehydrogenase (EC 1.1.1.85) (3-IPM-DH) (Beta-IPM dehydrogenase) (IMDH)
P30139	256	Thiazole synthase (EC 2.8.1.10)
P30178	361	Hydroxycarboxylate dehydrogenase B (EC 1.1.1.-) (2-oxoglutarate reductase) (Hydroxyphenylpyruvate reductase) (EC 1.1.1.237) (Phenylpyruvate reductase)
P30847	467	Signal transduction histidine-protein kinase BaeS (EC 2.7.13.3)
P30855	1197	Sensor protein EvgS (EC 2.7.13.3) (Sensor histidine protein kinase EvgS)
P31134	377	Putrescine transport ATP-binding protein PotG (EC 7.6.2.16)
P31473	498	Regulatory ATPase RavA (EC 3.6.1.-) (Regulatory ATPase variant A)
P31658	283	Protein/nucleic acid deglycase 1 (EC 3.1.2.-) (EC 3.5.1.-) (EC 3.5.1.124) (Glyoxalase III) (EC 4.2.1.130) (Holding molecular chaperone) (Hsp31) (Maillard deglycase)
P31677	474	Trehalose-6-phosphate synthase (TPS) (EC 2.4.1.15) (Alpha,alpha-trehalose-phosphate synthase [UDP-forming]) (Osmoregulatory trehalose synthesis protein A) (OtsA) (UDP-glucose-glucosephosphate glucosyltransferase)
P32140	413	Sulfoquinovose isomerase (SQ isomerase) (EC 5.3.1.31) (Sulfoquinovose-sulfofructose isomerase) (SQ-SF isomerase)
P33015	352	Thiosulfate transporter TsuA (Thiosulfate uptake protein A)
P33025	312	Pseudouridine-5'-phosphate glycosidase (PsiMP glycosidase) (EC 4.2.1.70)
P33599	596	NADH-quinone oxidoreductase subunit C/D (EC 7.1.1.-) (NADH dehydrogenase I subunit C/D) (NDH-1 subunit C/D) (NUO3/NUO4)
P33602	908	NADH-quinone oxidoreductase subunit G (EC 7.1.1.-) (NADH dehydrogenase I subunit G) (NDH-1 subunit G) (NUO7)
P35340	521	Alkyl hydroperoxide reductase subunit F (EC 1.8.1.-) (Alkyl hydroperoxide reductase F52A protein)
P36548	289	N-acetylmuramoyl-L-alanine amidase AmiA (EC 3.5.1.28)
P36680	247	Cell division protein ZapD (Z ring-associated protein D)
P37028	266	Vitamin B12-binding protein
P37095	427	Peptidase B (EC 3.4.11.23) (Aminopeptidase B)
P37330	723	Malate synthase G (MSG) (EC 2.3.3.9)
P37597	403	Purine nucleoside transporter (Adenosine efflux transporter)
P37610	283	Alpha-ketoglutarate-dependent taurine dioxygenase (EC 1.14.11.17) (2-aminoethanesulfonate dioxygenase) (Sulfate starvation-induced protein 3) (SSI3)
P37617	732	Zinc/cadmium/lead-transporting P-type ATPase (EC 7.2.2.-) (EC 7.2.2.12) (EC 7.2.2.21) (Pb(II)/Cd(II)/Zn(II)-translocating ATPase) (Zn(2+)/Cd(2+)/Pb(2+) export ATPase)
P37677	498	L-xylulose/3-keto-L-gulonate kinase (L-xylulokinase) (EC 2.7.1.-) (EC 2.7.1.53) (3-dehydro-L-gulonate kinase)
P37794	249	Chitooligosaccharide deacetylase ChbG (COD) (EC 3.5.1.105) (Chitin disaccharide deacetylase) (Chitobiose deacetylase) (Chitobiose-6P deacetylase) (Chitotriose deacetylase) (Chitotriose-6P deacetylase)
P37902	302	Glutamate/aspartate import solute-binding protein
P39099	455	Periplasmic pH-dependent serine endoprotease DegQ (EC 3.4.21.107) (Protease Do)
P39172	310	High-affinity zinc uptake system protein ZnuA
P39304	216	3-keto-L-gulonate-6-phosphate decarboxylase UlaD (EC 4.1.1.85) (3-dehydro-L-gulonate-6-phosphate decarboxylase) (KGPDC) (L-ascorbate utilization protein D)
P39377	390	Isoaspartyl dipeptidase (EC 3.4.19.-)
P39411	170	Inosine/xanthosine triphosphatase (ITPase/XTPase) (EC 3.6.1.73) (Non-canonical purine NTP phosphatase) (Non-standard purine NTP phosphatase) (Nucleoside-triphosphate phosphatase) (NTPase)
P39453	914	Sensor protein TorS (EC 2.7.13.3)
P40191	283	Pyridoxine/pyridoxal/pyridoxamine kinase (PN/PL/PM kinase) (EC 2.7.1.35) (B6-vitamer kinase) (Pyridoxal kinase 1) (PL kinase 1)
P41052	361	Membrane-bound lytic murein transglycosylase B (EC 4.2.2.n1) (35 kDa soluble lytic transglycosylase) (Murein hydrolase B) (Slt35)
P41409	311	Pyrimidine-specific ribonucleoside hydrolase RihA (EC 3.2.-.-) (Cytidine/uridine-specific hydrolase)
P42601	321	Manganese exporter Alx
P43341	240	UDP-2,3-diacylglucosamine hydrolase (EC 3.6.1.54) (UDP-2,3-diacylglucosamine diphosphatase) (UDP-2,3-diacylglucosamine pyrophosphatase)
P45464	678	Penicillin-binding protein activator LpoA (PBP activator LpoA) (Lipoprotein activator of PBP from the outer membrane A)
P45470	172	Protein/nucleic acid deglycase 2 (EC 3.1.2.-) (EC 3.5.1.-) (EC 3.5.1.124) (Maillard deglycase)
P45475	292	Ubiquinone biosynthesis hydroxylase UbiV (EC 1.97.1.15) (2-(all-trans-polyprenyl)phenol 6-hydroxylase subunit UbiV)
P46133	508	p-aminobenzoyl-glutamate transport protein (PABA-GLU transport protein)
P46139	408	Diguanylate cyclase DgcN (DGC) (EC 2.7.7.65)
P46889	1329	DNA translocase FtsK
P50457	421	4-aminobutyrate aminotransferase PuuE (EC 2.6.1.19) (GABA aminotransferase) (GABA-AT) (Gamma-amino-N-butyrate transaminase) (GABA transaminase) (Glutamate:succinic semialdehyde transaminase)
P50465	263	Endonuclease 8 (DNA glycosylase/AP lyase Nei) (EC 3.2.2.-, EC 4.2.99.18) (DNA-(apurinic or apyrimidinic site) lyase Nei) (Endonuclease VIII)
P52073	350	Glycolate oxidase subunit GlcE (EC 1.1.99.14) (Glycolate dehydrogenase subunit GlcE)
P52101	475	Sensor histidine kinase GlrK (EC 2.7.13.3)
P52129	357	mRNA endoribonuclease toxin LS (EC 3.1.-.-) (RNase LS) (Toxin LS)
P54745	658	PTS system 2-O-alpha-mannosyl-D-glycerate-specific EIIABC component (2-O-alpha-mannosyl-D-glycerate-specific phosphotransferase enzyme MngA) (Protein-Npi-phosphohistidine--2-O-alpha-mannosyl-D-glycerate phosphotransferase) [Includes: 2-O-alpha-mannosyl-D-glycerate-specific phosphotransferase enzyme IIA component (PTS system EIIA component); 2-O-alpha-mannosyl-D-glycerate-specific phosphotransferase enzyme IIB component (EC 2.7.1.195) (PTS system EIIB component); 2-O-alpha-mannosyl-D-glycerate-specific permease IIC component (PTS system EIIC component)]
P56100	37	Cytochrome bd-I ubiquinol oxidase subunit X (EC 7.1.1.7) (Cytochrome bd-I oxidase subunit X) (Cytochrome d ubiquinol oxidase subunit X)
P60061	445	Arginine/agmatine antiporter
P60422	273	Large ribosomal subunit protein uL2 (50S ribosomal protein L2)
P60595	196	Imidazole glycerol phosphate synthase subunit HisH (EC 4.3.2.10) (IGP synthase glutaminase subunit) (EC 3.5.1.2) (IGP synthase subunit HisH) (ImGP synthase subunit HisH) (IGPS subunit HisH)
P60723	201	Large ribosomal subunit protein uL4 (50S ribosomal protein L4)
P60785	599	Elongation factor 4 (EF-4) (EC 3.6.5.n1) (Ribosomal back-translocase LepA)
P62399	179	Large ribosomal subunit protein uL5 (50S ribosomal protein L5)
P62617	159	2-C-methyl-D-erythritol 2,4-cyclodiphosphate synthase (MECDP-synthase) (MECPP-synthase) (MECPS) (EC 4.6.1.12)
P62623	316	4-hydroxy-3-methylbut-2-enyl diphosphate reductase (HMBPP reductase) (EC 1.17.7.4) (1-hydroxy-2-methyl-2-(E)-butenyl 4-diphosphate reductase)
P63228	191	D-glycero-beta-D-manno-heptose-1,7-bisphosphate 7-phosphatase (EC 3.1.3.82) (D,D-heptose 1,7-bisphosphate phosphatase) (HBP phosphatase)
P64636	222	GMP/IMP nucleotidase YrfG (EC 3.1.3.5)
P66899	398	Diaminopropionate ammonia-lyase (DAPAL) (EC 4.3.1.15) (2,3-diaminopropionate ammonia-lyase) (Alpha,beta-diaminopropionate ammonia-lyase) (Diaminopropionatase)
P67430	199	HTH-type transcriptional repressor NemR (Bleach-sensing transcription factor) (Redox-regulated transcription factor NemR)
P67910	310	ADP-L-glycero-D-manno-heptose-6-epimerase (EC 5.1.3.20) (ADP-L-glycero-beta-D-manno-heptose-6-epimerase) (ADP-glyceromanno-heptose 6-epimerase) (ADP-hep 6-epimerase) (AGME)
P68767	503	Cytosol aminopeptidase (EC 3.4.11.1) (Aminopeptidase A/I) (Leucine aminopeptidase) (LAP) (EC 3.4.11.10) (Leucyl aminopeptidase)
P69210	109	Spermidine export protein MdtI
P69346	83	Antitoxin YefM
P69380	300	Cation-efflux pump FieF (Ferrous-iron efflux pump FieF)
P69451	561	Long-chain-fatty-acid--CoA ligase (EC 6.2.1.3) (Long-chain acyl-CoA synthetase) (Acyl-CoA synthetase)
P69681	428	Ammonium transporter AmtB (Ammonia channel AmtB) (Ammonium channel AmtB)
P69739	372	Hydrogenase-1 small chain (HYD1) (EC 1.12.99.6) (Membrane-bound hydrogenase 1 small subunit) (NiFe hydrogenase)
P69805	283	PTS system mannose-specific EIID component (EII-M-Man) (EIID-Man) (Mannose permease IID component)
P69924	376	Ribonucleoside-diphosphate reductase 1 subunit beta (EC 1.17.4.1) (Protein B2) (Protein R2) (Ribonucleotide reductase 1)
P75809	271	5-amino-6-(5-phospho-D-ribitylamino)uracil phosphatase YbjI (EC 3.1.3.104)
P75825	550	Hydroxylamine reductase (EC 1.7.99.1) (Hybrid-cluster protein) (HCP) (Prismane protein)
P75830	371	Macrolide export protein MacA (Membrane fusion protein MacA)
P75863	369	6-hydroxylaminopurine reductase YcbX (EC 1.-.-.-) (Hydroxylaminopurine resistance molybdoenzyme YcbX)
P75892	442	Putative pyrimidine permease RutG
P75949	341	Beta-hexosaminidase (EC 3.2.1.52) (Beta-N-acetylhexosaminidase) (N-acetyl-beta-glucosaminidase)
P75957	233	Lipoprotein-releasing system ATP-binding protein LolD (EC 7.6.2.-)
P76008	304	Murein tetrapeptide carboxypeptidase (EC 3.4.17.13) (LD-carboxypeptidase A) (Muramoyltetrapeptide carboxypeptidase)
P76236	491	Probable diguanylate cyclase CdgI (DGC) (EC 2.7.7.65)
P76256	231	tRNA threonylcarbamoyladenosine biosynthesis protein TsaB (t(6)A37 threonylcarbamoyladenosine biosynthesis protein TsaB)
P76339	452	Sensor histidine kinase HprS (EC 2.7.13.3) (Hydrogen peroxide response sensor)
P76343	211	Protein-methionine-sulfoxide reductase heme-binding subunit MsrQ (Flavocytochrome MsrQ)
P76445	237	Lipid A 1-diphosphate synthase (EC 2.7.4.29) (Kdo(2)-lipid A phosphotransferase) (Undecaprenyl pyrophosphate:lipid A 1-phosphate phosphotransferase)
P76458	220	Acetate CoA-transferase subunit alpha (EC 2.8.3.8) (Acetoacetyl-CoA transferase subunit alpha) (AA-CoA transferase subunit alpha) (Acetyl-CoA:acetoacetyl-CoA transferase subunit alpha)
P76491	199	5'-deoxynucleotidase YfbR (EC 3.1.3.89) (5'-deoxyribonucleotidase) (Nucleoside 5'-monophosphate phosphohydrolase)
P76535	298	N-acetylmuramic acid 6-phosphate etherase (MurNAc-6-P etherase) (EC 4.2.1.126) (N-acetylmuramic acid 6-phosphate hydrolase) (N-acetylmuramic acid 6-phosphate lyase)
P77150	287	Pyridoxal kinase PdxY (PL kinase) (EC 2.7.1.35) (Pyridoxal kinase 2) (PL kinase 2)
P77165	229	Aldehyde oxidoreductase iron-sulfur-binding subunit PaoA (EC 1.2.99.6)
P77172	747	Cyclic di-GMP phosphodiesterase PdeF (EC 3.1.4.52)
P77182	668	tRNA 5-methylaminomethyl-2-thiouridine biosynthesis bifunctional protein MnmC (tRNA mnm(5)s(2)U biosynthesis bifunctional protein) [Includes: tRNA (mnm(5)s(2)U34)-methyltransferase (EC 2.1.1.61); FAD-dependent cmnm(5)s(2)U34 oxidoreductase (EC 1.5.-.-)]
P77239	407	Cation efflux system protein CusB
P77398	660	Bifunctional polymyxin resistance protein ArnA (Polymyxin resistance protein PmrI) [Includes: UDP-4-amino-4-deoxy-L-arabinose formyltransferase (EC 2.1.2.13) (ArnAFT) (UDP-L-Ara4N formyltransferase); UDP-glucuronic acid oxidase, UDP-4-keto-hexauronic acid decarboxylating (EC 1.1.1.305) (ArnADH) (UDP-GlcUA decarboxylase) (UDP-glucuronic acid dehydrogenase)]
P77499	248	Probable ATP-dependent transporter SufC
P77510	552	Sensor histidine kinase DpiB (EC 2.7.13.3) (Sensor histidine kinase CitA)
P77581	406	Succinylornithine transaminase (SOAT) (EC 2.6.1.81) (Carbon starvation protein C) (Succinylornithine aminotransferase)
P77667	122	Iron-sulfur cluster assembly protein SufA
P77674	474	Gamma-aminobutyraldehyde dehydrogenase (ABALDH) (EC 1.2.1.19) (1-pyrroline dehydrogenase) (4-aminobutanal dehydrogenase) (5-aminopentanal dehydrogenase) (EC 1.2.1.-)
P77748	1018	D-2-hydroxyglutarate dehydrogenase (D2HGDH) (EC 1.1.99.39)
P77766	293	5'-3' exoribonuclease Rnm (EC 3.1.13.-) (3',5'-nucleotide bisphosphate phosphatase) (EC 3.1.3.97) (RNase AM)
Q46806	461	D-phenylhydantoinase (EC 3.5.2.-) (Hydantoin-utilizing enzyme HyuA)
Q46822	182	Isopentenyl-diphosphate Delta-isomerase (IPP isomerase) (EC 5.3.3.2) (IPP:DMAPP isomerase) (Isopentenyl pyrophosphate isomerase)
Q46901	502	CRISPR system Cascade subunit CasA (CRISPR type I-E/Ecoli-associated protein CasA/Cse1) (CRISPR-associated protein CasA/Cse1)
Q46927	268	tRNA threonylcarbamoyladenosine dehydratase (EC 6.1.-.-) (t(6)A37 dehydratase)
Q47150	86	Antitoxin DinJ
Q57261	349	tRNA pseudouridine synthase D (EC 5.4.99.27) (tRNA pseudouridine(13) synthase) (tRNA pseudouridylate synthase D) (tRNA-uridine isomerase D)
P00393	434	Type II NADH:quinone oxidoreductase (EC 1.6.5.9) (Cupric reductase) (EC 1.16.1.-) (NADH dehydrogenase-2) (NADH dh II) (NDH-2) (NADH-quinone reductase) (NQR) (NADH:ubiquinone oxidoreductase) (Respiratory NADH dehydrogenase)
P00448	206	Superoxide dismutase [Mn] (EC 1.15.1.1) (MnSOD)
P00579	613	RNA polymerase sigma factor RpoD (Sigma-70)
P00888	356	Phospho-2-dehydro-3-deoxyheptonate aldolase, Tyr-sensitive (EC 2.5.1.54) (3-deoxy-D-arabino-heptulosonate 7-phosphate synthase) (DAHP synthase) (Phospho-2-keto-3-deoxyheptonate aldolase)
P00903	187	Aminodeoxychorismate synthase component 2 (ADC synthase) (ADCS) (EC 2.6.1.85) (4-amino-4-deoxychorismate synthase component 2) (Aminodeoxychorismate synthase, glutamine amidotransferase component)
P00963	330	Aspartate--ammonia ligase (EC 6.3.1.1) (Asparagine synthetase A)
P02358	135	Small ribosomal subunit protein bS6 (30S ribosomal protein S6) [Cleaved into: Small ribosomal subunit protein bS6, fully modified isoform; Small ribosomal subunit protein bS6, non-modified isoform]
P02918	850	Penicillin-binding protein 1A (PBP-1a) (PBP1a) [Includes: Penicillin-insensitive transglycosylase (EC 2.4.99.28) (Peptidoglycan TGase); Penicillin-sensitive transpeptidase (EC 3.4.16.4) (DD-transpeptidase)]
P02921	473	Melibiose permease (Melibiose carrier) (Melibiose transporter) (Melibiose/cation symporter) (Na+ (Li+)/melibiose symporter) (Thiomethylgalactoside permease II)
P02931	362	Outer membrane porin F (Outer membrane protein 1A) (Outer membrane protein B) (Outer membrane protein F) (Outer membrane protein IA) (Porin OmpF)
P02942	551	Methyl-accepting chemotaxis protein I (MCP-I) (Serine chemoreceptor protein)
P03960	682	Potassium-transporting ATPase ATP-binding subunit (EC 7.2.2.6) (ATP phosphohydrolase [potassium-transporting] B chain) (Potassium-binding and translocating subunit B) (Potassium-translocating ATPase B chain)
P04079	525	GMP synthase [glutamine-hydrolyzing] (EC 6.3.5.2) (GMP synthetase) (GMPS) (Glutamine amidotransferase)
P04152	422	Protein UmuC (DNA polymerase V) (Pol V)
P04693	397	Aromatic-amino-acid aminotransferase (ARAT) (AROAT) (EC 2.6.1.57) (Beta-methylphenylalanine transaminase) (EC 2.6.1.107)
P04737	121	Pilin (F-pilin)
P04825	870	Aminopeptidase N (EC 3.4.11.2) (Alpha-aminoacylpeptide hydrolase)
P04995	475	Exodeoxyribonuclease I (ExoI) (Exonuclease I) (EC 3.1.11.1) (DNA deoxyribophosphodiesterase) (dRPase)
P05042	467	Fumarate hydratase class II (Fumarase C) (EC 4.2.1.2) (Aerobic fumarase) (Iron-independent fumarase)
P05194	252	3-dehydroquinate dehydratase (3-dehydroquinase) (EC 4.2.1.10) (Type I DHQase) (Type I dehydroquinase) (DHQ1)
P05852	337	tRNA N6-adenosine threonylcarbamoyltransferase (EC 2.3.1.234) (N6-L-threonylcarbamoyladenine synthase) (t(6)A synthase) (t(6)A37 threonylcarbamoyladenosine biosynthesis protein TsaD) (tRNA threonylcarbamoyladenosine biosynthesis protein TsaD)
P06722	229	DNA mismatch repair protein MutH (Methyl-directed mismatch repair protein)
P06974	334	Flagellar motor switch protein FliM
P06988	434	Histidinol dehydrogenase (HDH) (EC 1.1.1.23)
P06992	273	Ribosomal RNA small subunit methyltransferase A (EC 2.1.1.182) (16S rRNA (adenine(1518)-N(6)/adenine(1519)-N(6))-dimethyltransferase) (16S rRNA dimethyladenosine transferase) (16S rRNA dimethylase) (High level kasugamycin resistance protein KsgA) (Kasugamycin dimethyltransferase) (S-adenosylmethionine-6-N', N'-adenosyl(rRNA) dimethyltransferase)
P07017	553	Methyl-accepting chemotaxis protein II (MCP-II) (Aspartate chemoreceptor protein)
P07604	513	HTH-type transcriptional regulatory protein TyrR
P08192	422	Dihydrofolate synthase/folylpolyglutamate synthase (DHFS / FPGS) (EC 6.3.2.12) (EC 6.3.2.17) (Folylpoly-gamma-glutamate synthetase-dihydrofolate synthetase) (Folylpolyglutamate synthetase) (Tetrahydrofolylpolyglutamate synthase)
P08394	1180	RecBCD enzyme subunit RecB (EC 3.1.11.5) (EC 5.6.2.4) (DNA 3'-5' helicase subunit RecB) (Exodeoxyribonuclease V 135 kDa polypeptide) (Exodeoxyribonuclease V beta chain) (Exonuclease V subunit RecB) (ExoV subunit RecB) (Helicase/nuclease RecBCD subunit RecB)
P08506	400	D-alanyl-D-alanine carboxypeptidase DacC (DD-carboxypeptidase) (DD-peptidase) (EC 3.4.16.4) (Penicillin-binding protein 6) (PBP-6)
P08956	1170	Type I restriction enzyme EcoKI endonuclease subunit (EcoKI) (R protein) (EC 3.1.21.3)
P09099	484	Xylulose kinase (XK) (Xylulokinase) (EC 2.7.1.17) (1-deoxy-D-xylulokinase) (EC 2.7.1.-)
P09147	338	UDP-glucose 4-epimerase (EC 5.1.3.2) (Galactowaldenase) (UDP-galactose 4-epimerase)
P09323	648	PTS system N-acetylglucosamine-specific EIICBA component (EIICBA-Nag) (EII-Nag) [Includes: N-acetylglucosamine permease IIC component (PTS system N-acetylglucosamine-specific EIIC component); N-acetylglucosamine-specific phosphotransferase enzyme IIB component (EC 2.7.1.193) (PTS system N-acetylglucosamine-specific EIIB component); N-acetylglucosamine-specific phosphotransferase enzyme IIA component (PTS system N-acetylglucosamine-specific EIIA component)]
P09377	278	HTH-type transcriptional activator RhaS (L-rhamnose operon regulatory protein RhaS)
P09835	500	Signal transduction histidine-protein kinase/phosphatase UhpB (EC 2.7.13.3) (EC 3.1.3.-)
P0A6A8	78	Acyl carrier protein (ACP) (Cytosolic-activating factor) (CAF) (Fatty acid synthase acyl carrier protein)
P0A6E1	174	Shikimate kinase 2 (SK 2) (EC 2.7.1.71) (Shikimate kinase II) (SKII)
P0A6F5	548	Chaperonin GroEL (EC 5.6.1.7) (60 kDa chaperonin) (Chaperonin-60) (Cpn60) (GroEL protein)
P0A6F9	97	Co-chaperonin GroES (10 kDa chaperonin) (Chaperonin-10) (Cpn10)
P0A6L2	292	4-hydroxy-tetrahydrodipicolinate synthase (HTPA synthase) (EC 4.3.3.7)
P0A6L4	297	N-acetylneuraminate lyase (AcNeu lyase) (NAL) (Neu5Ac lyase) (EC 4.1.3.3) (N-acetylneuraminate pyruvate-lyase) (N-acetylneuraminic acid aldolase) (NALase) (Sialate lyase) (Sialic acid aldolase) (Sialic acid lyase)
P0A6M8	704	Elongation factor G (EF-G) (EC 3.6.5.-)
P0A6N4	188	Elongation factor P (EF-P)
P0A6T5	222	GTP cyclohydrolase 1 (EC 3.5.4.16) (GTP cyclohydrolase I) (GTP-CH-I)
P0A6V5	108	Thiosulfate sulfurtransferase GlpE (EC 2.8.1.1) (Thiosulfate:cyanide sulfurtransferase)
P0A6Z3	624	Chaperone protein HtpG (Heat shock protein C62.5) (Heat shock protein HtpG) (High temperature protein G)
P0A715	284	2-dehydro-3-deoxyphosphooctonate aldolase (EC 2.5.1.55) (3-deoxy-D-manno-octulosonic acid 8-phosphate synthase) (KDO-8-phosphate synthase) (KDO 8-P synthase) (KDOPS) (Phospho-2-dehydro-3-deoxyoctonate aldolase)
P0A738	161	Cyclic pyranopterin monophosphate synthase (EC 4.6.1.17) (Molybdenum cofactor biosynthesis protein C)
P0A746	137	Peptide methionine sulfoxide reductase MsrB (EC 1.8.4.12) (Peptide-methionine (R)-S-oxide reductase)
P0A749	419	UDP-N-acetylglucosamine 1-carboxyvinyltransferase (EC 2.5.1.7) (Enoylpyruvate transferase) (UDP-N-acetylglucosamine enolpyruvyl transferase) (EPT)
P0A754	176	Glutathione-regulated potassium-efflux system ancillary protein KefF (Quinone oxidoreductase KefF) (EC 1.6.5.2)
P0A759	266	Glucosamine-6-phosphate deaminase (EC 3.5.99.6) (GlcN6P deaminase) (GNPDA) (Glucosamine-6-phosphate isomerase)
P0A763	143	Nucleoside diphosphate kinase (NDK) (NDP kinase) (EC 2.7.4.6) (Nucleoside-2-P kinase)
P0A786	311	Aspartate carbamoyltransferase catalytic subunit (EC 2.1.3.2) (Aspartate transcarbamylase) (ATCase)
P0A794	243	Pyridoxine 5'-phosphate synthase (PNP synthase) (EC 2.6.99.2)
P0A7A7	807	Glycerol-3-phosphate acyltransferase (GPAT) (EC 2.3.1.15)
P0A7B1	688	Polyphosphate kinase (EC 2.7.4.1) (ATP-polyphosphate phosphotransferase) (Polyphosphoric acid kinase)
P0A7B8	176	ATP-dependent protease subunit HslV (EC 3.4.25.2) (Heat shock protein HslV)
P0A7C2	202	LexA repressor (EC 3.4.21.88)
P0A7E9	241	Uridylate kinase (UK) (EC 2.7.4.22) (Uridine monophosphate kinase) (UMP kinase) (UMPK)
P0A7J0	217	3,4-dihydroxy-2-butanone 4-phosphate synthase (DHBP synthase) (DHBPS) (EC 4.1.99.12)
P0A7M9	70	Large ribosomal subunit protein bL31 (50S ribosomal protein L31)
P0A7S9	118	Small ribosomal subunit protein uS13 (30S ribosomal protein S13)
P0A7U3	92	Small ribosomal subunit protein uS19 (30S ribosomal protein S19)
P0A7W7	130	Small ribosomal subunit protein uS8 (30S ribosomal protein S8)
P0A809	203	Holliday junction branch migration complex subunit RuvA
P0A812	336	Holliday junction branch migration complex subunit RuvB (EC 3.6.4.-)
P0A817	384	S-adenosylmethionine synthase (AdoMet synthase) (EC 2.5.1.6) (MAT) (Methionine adenosyltransferase)
P0A855	430	Tol-Pal system protein TolB
P0A8G0	610	UvrABC system protein C (Protein UvrC) (Excinuclease ABC subunit C)
P0A8L1	430	Serine--tRNA ligase (EC 6.1.1.11) (Seryl-tRNA synthetase) (SerRS) (Seryl-tRNA(Ser/Sec) synthetase)
P0A8M0	466	Asparagine--tRNA ligase (EC 6.1.1.22) (Asparaginyl-tRNA synthetase) (AsnRS)
P0A8N5	505	Lysine--tRNA ligase, heat inducible (EC 6.1.1.6) (Lysyl-tRNA synthetase) (LysRS)
P0A8Q3	119	Fumarate reductase subunit D (Fumarate reductase 13 kDa hydrophobic protein) (Quinol-fumarate reductase subunit D) (QFR subunit D)
P0A8T7	1407	DNA-directed RNA polymerase subunit beta' (RNAP subunit beta') (EC 2.7.7.6) (RNA polymerase subunit beta') (Transcriptase subunit beta')
P0A8X0	183	Dual-action ribosomal maturation protein DarP (21K protein) (Large ribosomal subunit assembly factor DarP) (x96 protein)
P0A940	810	Outer membrane protein assembly factor BamA (Omp85)
P0A962	338	L-asparaginase 1 (EC 3.5.1.1) (L-asparaginase I) (L-ASNase I) (L-asparagine amidohydrolase I)
P0A964	167	Chemotaxis protein CheW
P0A988	366	Beta sliding clamp (Beta clamp) (Sliding clamp) (Beta-clamp processivity factor) (DNA polymerase III beta sliding clamp subunit)
P0A991	350	Fructose-bisphosphate aldolase class 1 (EC 4.1.2.13) (Fructose-bisphosphate aldolase class I) (FBP aldolase)
P0A9A9	148	Ferric uptake regulation protein (Ferric uptake regulator)
P0A9E0	292	Arabinose operon regulatory protein (HTH-type transcriptional regulator AraC)
P0A9H7	382	Cyclopropane-fatty-acyl-phospholipid synthase (CFA synthase) (Cyclopropane fatty acid synthase) (EC 2.1.1.79)
P0A9L3	206	FKBP-type 22 kDa peptidyl-prolyl cis-trans isomerase (FKBP22) (PPIase) (EC 5.2.1.8) (Rotamase)
P0A9P6	629	ATP-dependent RNA helicase DeaD (EC 3.6.4.13) (Cold-shock DEAD box protein A) (Translation factor W2)
P0A9R7	222	Cell division ATP-binding protein FtsE
P0A9S7	255	High-affinity branched-chain amino acid transport ATP-binding protein LivG (LIV-I protein G)
P0A9T0	410	D-3-phosphoglycerate dehydrogenase (PGDH) (EC 1.1.1.95) (2-oxoglutarate reductase) (EC 1.1.1.399)
P0A9Y6	69	Cold shock-like protein CspC (CSP-C)
P0AA43	231	Ribosomal small subunit pseudouridine synthase A (EC 5.4.99.19) (16S pseudouridylate 516 synthase) (16S rRNA pseudouridine(516) synthase) (rRNA pseudouridylate synthase A) (rRNA-uridine isomerase A)
P0AAC8	107	Iron-binding protein IscA (Iron-sulfur cluster assembly protein)
P0AAE0	470	D-serine/D-alanine/glycine transporter (Amino acid carrier CycA)
P0AAG0	327	Dipeptide transport ATP-binding protein DppD (EC 7.4.2.9)
P0AAI5	413	3-oxoacyl-[acyl-carrier-protein] synthase 2 (EC 2.3.1.179) (3-oxoacyl-[acyl-carrier-protein] synthase II) (Beta-ketoacyl-ACP synthase II) (KAS II)
P0AAJ5	300	Formate dehydrogenase-O iron-sulfur subunit (Aerobic formate dehydrogenase iron-sulfur subunit) (FDH-Z subunit beta) (Formate dehydrogenase-O subunit beta)
P0AAM1	235	Probable Ni/Fe-hydrogenase 1 B-type cytochrome subunit
P0AAM7	82	Hydrogenase maturation factor HybG (Hydrogenase-2 operon protein HybG)
P0AAN3	290	Hydrogenase maturation factor HypB (Hydrogenase isoenzymes nickel incorporation protein HypB)
P0AAP3	91	Transcriptional repressor FrmR
P0AAX8	306	Probable L,D-transpeptidase YbiS (EC 2.-.-.-)
P0AB74	286	D-tagatose-1,6-bisphosphate aldolase subunit KbaY (TBPA) (TagBP aldolase) (EC 4.1.2.40) (D-tagatose-bisphosphate aldolase class II) (Ketose 1,6-bisphosphate aldolase class II) (Tagatose-bisphosphate aldolase)
P0AB98	271	ATP synthase subunit a (ATP synthase F0 sector subunit a) (F-ATPase subunit 6)
P0ABB8	898	Magnesium-transporting ATPase, P-type 1 (EC 7.2.2.14) (Mg(2+) transport ATPase, P-type 1)
P0ABI8	663	Cytochrome bo(3) ubiquinol oxidase subunit 1 (cyt bo(3) subunit 1) (EC 7.1.1.3) (Cytochrome b562-o complex subunit I) (Cytochrome o ubiquinol oxidase subunit 1) (Cytochrome o subunit 1) (Oxidase bo(3) subunit 1) (Ubiquinol oxidase chain A) (Ubiquinol oxidase polypeptide I) (Ubiquinol oxidase subunit 1)
P0ABK5	323	Cysteine synthase A (CSase A) (EC 2.5.1.47) (O-acetylserine (thiol)-lyase A) (OAS-TL A) (O-acetylserine sulfhydrylase A) (S-carboxymethylcysteine synthase) (EC 4.5.1.5) (Sulfate starvation-induced protein 5) (SSI5)
P0ABP8	239	Purine nucleoside phosphorylase DeoD-type (PNP) (EC 2.4.2.1)
P0ABU2	363	Ribosome-binding ATPase YchF
P0ABV6	142	Tol-Pal system protein TolR
P0ABZ1	331	Flagellar motor switch protein FliG
P0AC00	340	Fructoselysine 6-phosphate deglycase (EC 3.5.-.-)
P0AC02	245	Outer membrane protein assembly factor BamD
P0AC33	548	Fumarate hydratase class I, aerobic (EC 4.2.1.2) (Fumarase A) (Oxaloacetate keto--enol-isomerase) (OAAKE isomerase) (Oxaloacetate tautomerase) (EC 5.3.2.2)
P0AC38	478	Aspartate ammonia-lyase (Aspartase) (EC 4.3.1.1)
P0AC44	115	Succinate dehydrogenase hydrophobic membrane anchor subunit
P0AC47	244	Fumarate reductase iron-sulfur subunit (EC 1.3.5.1) (Quinol-fumarate reductase iron-sulfur subunit) (QFR iron-sulfur subunit)
P0ACC3	114	Iron-sulfur cluster insertion protein ErpA
P0ACD4	128	Iron-sulfur cluster assembly scaffold protein IscU (Sulfur acceptor protein IscU)
P0ACN4	271	HTH-type transcriptional repressor AllR (Negative regulator of allantoin and glyoxylate utilization operons)
P0ACY3	644	Serine/threonine kinase YeaG (Ser/Thr kinase YeaG) (EC 2.7.11.1) (Protein kinase YeaG) (Stress kinase YeaG)
P0AD70	385	D-alanyl-D-alanine-carboxypeptidase/endopeptidase AmpH (EC 3.4.-.-) (DD-alanine-endopeptidase) (DD-carboxypeptidase) (Penicillin-binding protein AmpH)
P0ADC1	193	LPS-assembly lipoprotein LptE (Rare lipoprotein B)
P0ADP2	155	Medium/long-chain acyl-CoA thioesterase YigI (EC 3.1.2.20)
P0ADR8	454	Pyrimidine/purine nucleotide 5'-monophosphate nucleosidase (EC 3.2.2.-) (EC 3.2.2.10) (AMP nucleosidase) (EC 3.2.2.4) (CMP nucleosidase) (GMP nucleosidase) (IMP nucleosidase) (UMP nucleosidase) (dTMP nucleosidase)
P0AE12	484	AMP nucleosidase (EC 3.2.2.4)
P0AE22	237	Class B acid phosphatase (CBAP) (EC 3.1.3.2)
P0AED7	375	Succinyl-diaminopimelate desuccinylase (SDAP desuccinylase) (EC 3.5.1.18) (N-succinyl-LL-2,6-diaminoheptanedioate amidohydrolase)
P0AEG4	208	Thiol:disulfide interchange protein DsbA
P0AEI1	474	tRNA-2-methylthio-N(6)-dimethylallyladenosine synthase (EC 2.8.4.3) ((Dimethylallyl)adenosine tRNA methylthiotransferase MiaB) (tRNA-i(6)A37 methylthiotransferase)
P0AEM6	239	RNA polymerase sigma factor FliA (RNA polymerase sigma factor for flagellar operon) (Sigma F) (Sigma-27) (Sigma-28)
P0AEM9	266	L-cystine-binding protein TcyJ (CBP) (Protein FliY) (Sulfate starvation-induced protein 7) (SSI7)
P0AEP7	593	Glyoxylate carboligase (EC 4.1.1.47) (Tartronate-semialdehyde synthase)
P0AEV1	337	Regulator of RpoS
P0AEZ3	270	Septum site-determining protein MinD (Cell division inhibitor MinD)
P0AF67	153	tRNA threonylcarbamoyladenosine biosynthesis protein TsaE (t(6)A37 threonylcarbamoyladenosine biosynthesis protein TsaE)
P0AFA2	598	Nitrate/nitrite sensor protein NarX (EC 2.7.13.3)
P0AFA7	513	Na(+)/H(+) antiporter NhaB (Sodium/proton antiporter NhaB)
P0AFB5	349	Sensory histidine kinase/phosphatase NtrB (EC 2.7.13.3) (EC 3.1.3.-) (Nitrogen regulation protein NR(II)) (Nitrogen regulator II) (NRII)
P0AFF6	495	Transcription termination/antitermination protein NusA (N utilization substance protein A) (Transcription termination/antitermination L factor)
P0AFG6	405	Dihydrolipoyllysine-residue succinyltransferase component of 2-oxoglutarate dehydrogenase complex (EC 2.3.1.61) (2-oxoglutarate dehydrogenase complex component E2) (OGDC-E2) (Dihydrolipoamide succinyltransferase component of 2-oxoglutarate dehydrogenase complex)
P0AFI5	310	D-alanyl-D-alanine endopeptidase (DD-endopeptidase) (EC 3.4.21.-) (Penicillin-binding protein 7) (PBP-7)
P0AFI7	218	Pyridoxine/pyridoxamine 5'-phosphate oxidase (EC 1.4.3.5) (PNP/PMP oxidase) (PNPOx) (Pyridoxal 5'-phosphate synthase)
P0AFJ7	499	Low-affinity inorganic phosphate transporter PitA (Metal phosphate:H(+) symporter PitA)
P0AFP6	247	GTP cyclohydrolase 1 type 2 homolog (Radiation resistance protein YbgI)
P0AFS3	240	Dihydromonapterin reductase (H(2)-MPt reductase) (EC 1.5.1.50) (Dihydrofolate reductase) (DHFR) (EC 1.5.1.3)
